next_scheduled_stop_id,speed,vehicle_id
302368,11.5022548458,3967
302945,0.0,3967
302947,4.80139223534,3967
302948,0.451601981936,3967
303021,14.3163245027,3967
303024,20.7425934921,3967
303026,6.44782895225,3967
303027,9.01239942858,3967
303032,12.8139031851,3967
303034,8.61678215299,3967
303039,7.72667174302,3967
303040,0.0,3967
303041,0.0,3967
303043,10.3861131575,3967
306395,0.0600041109769,3967
306465,19.7752797764,3967
307460,6.71271572603,3967
307491,0.878670443399,3967
504230,4.6350764162,3967
504231,0.0,3967
504232,0.0,3967
504233,0.0,3967
504234,0.0,3967
504236,0.0,3967
504238,12.4066883616,3967
504239,6.30389748811,3967
302368,0.000826803542267,3970
302945,0.0183479667954,3970
302947,0.0234572190742,3970
302948,0.0109790351322,3970
303017,11.6540168566,3970
303019,7.56482067847,3970
303021,0.00965722090851,3970
303022,0.0,3970
303023,10.2177268176,3970
303024,0.020320454031,3970
303026,0.0225653557834,3970
303027,0.055548412429,3970
303028,0.0,3970
303029,4.03900857258,3970
303030,0.0,3970
303032,-0.00778814026126,3970
303033,6.84034657723,3970
303034,0.00533847539688,3970
303035,-1.98534474954e-05,3970
303039,0.0347046555253,3970
303040,0.00714405116302,3970
303041,0.0278574157632,3970
303042,5.82852835847,3970
303043,0.0251262594534,3970
303044,13.7232176325,3970
306395,0.027410614001,3970
306465,11.6987579403,3970
307460,0.0605488676775,3970
307491,0.0226200518984,3970
503883,0.0,3970
503884,24.1995641734,3970
503885,0.158285786775,3970
504229,0.0,3970
504230,-0.0152987894059,3970
504232,16.3306298933,3970
504233,0.0,3970
504234,0.0,3970
504236,3.50847106565,3970
504237,0.0,3970
504238,0.0,3970
504239,0.0201890269641,3970
504240,0.0,3970
801068,0.0,3970
302368,0.00119584020201,3976
302945,0.0762866138203,3976
302947,0.0732304144359,3976
302948,0.0190349992386,3976
303011,0.0,3976
303017,0.0,3976
303020,3.16118848839,3976
303021,15.6468728884,3976
303024,-0.218313406662,3976
303025,0.0,3976
303026,9.87508064728,3976
303027,8.31923541179,3976
303028,5.10273964097,3976
303029,5.62575339069,3976
303030,0.0,3976
303032,0.1029247112,3976
303033,6.20671943217,3976
303034,0.0754740493953,3976
303035,1.58460056933e-15,3976
303036,2.67872364242,3976
303037,0.0,3976
303038,0.0,3976
303039,0.0898928928372,3976
303040,0.0298457026428,3976
303041,0.0412967955069,3976
303042,10.609151659,3976
303043,-0.0145166408922,3976
303044,0.0,3976
306395,-0.0280281144573,3976
306465,-0.0648767631665,3976
307460,0.0636891256885,3976
307491,-0.00870699066386,3976
503883,0.0,3976
503884,0.0,3976
503885,0.317557777828,3976
504229,0.0,3976
504230,5.80954886925,3976
504231,0.0467019853627,3976
504232,8.90761630546,3976
504233,7.69055757309,3976
504234,4.42067205756,3976
504236,17.2682560263,3976
504237,0.0,3976
504238,0.0,3976
504239,0.0,3976
504240,0.0,3976
302368,-0.0126075063624,3977
302945,0.0578211150042,3977
302947,-0.0456973990393,3977
302948,-0.00156940265822,3977
303017,0.00943095399639,3977
303019,5.63559127793,3977
303020,0.012530360562,3977
303021,0.0,3977
303022,-0.0377332374647,3977
303023,0.0,3977
303024,-0.0420947391835,3977
303025,-0.0302425057678,3977
303026,6.10968637131e-16,3977
303027,0.0948755125692,3977
303028,0.0,3977
303029,0.0428566778592,3977
303030,0.0143264582631,3977
303032,0.0645105693704,3977
303033,-0.0233910559645,3977
303034,0.0,3977
303035,0.0,3977
303036,0.00631239905425,3977
303037,0.817753161002,3977
303038,3.25313038241,3977
303039,0.0191370183229,3977
303040,6.07905853394e-16,3977
303041,0.026832654399,3977
303043,0.00480230765621,3977
303044,-0.00393411842542,3977
306395,0.0,3977
306465,0.0599657715292,3977
307460,0.135257117108,3977
504229,0.0132868360163,3977
504231,0.0,3977
504232,0.00293037792761,3977
504233,5.1129013277,3977
504234,-0.0314374350242,3977
504236,0.0,3977
504237,-0.00297107186691,3977
504238,0.0,3977
504239,-0.00579273397091,3977
801068,-0.0481034402932,3977
302368,5.19986298175,3978
302945,4.0707217994,3978
302947,1.85722302151,3978
302948,5.3526931341,3978
303011,0.0,3978
303017,0.0,3978
303019,0.0,3978
303021,0.0,3978
303022,23.4483400981,3978
303023,1.35393085675,3978
303024,6.28814264996,3978
303025,0.0,3978
303026,9.99782176267,3978
303027,8.74464405058,3978
303028,25.2832518985,3978
303029,6.48367165598,3978
303030,1.2434302162,3978
303032,7.47276804938,3978
303033,5.16856226883,3978
303036,5.17596194322,3978
303038,0.0,3978
303039,4.16374119147,3978
303040,0.0,3978
303041,0.0,3978
303042,2.64805735517,3978
303043,2.91980305498,3978
306395,7.45470428201,3978
306465,14.4452443885,3978
307460,5.51858795301,3978
307491,0.139542949515,3978
504229,0.0,3978
504230,0.0,3978
504232,10.8870865956,3978
504233,0.0,3978
504236,0.0,3978
504237,11.8406318794,3978
504239,6.8602738656,3978
504241,0.0,3978
302945,0.0,3979
302947,0.0,3979
302948,0.0,3979
303017,0.0,3979
303019,0.0,3979
303020,0.0,3979
303021,0.0,3979
303024,7.02516196704,3979
303026,0.803396391643,3979
303027,0.0,3979
303028,6.73561632608,3979
303029,0.0,3979
303030,0.0,3979
303032,0.0,3979
303033,0.0,3979
303034,0.0,3979
303035,2.95790704174,3979
303036,0.0,3979
303037,0.0,3979
303039,0.0,3979
303041,0.0,3979
303042,0.0,3979
303043,1.64238921842,3979
303044,0.0,3979
306465,0.0,3979
504229,0.0,3979
504232,8.17329668171,3979
504234,4.93687579339,3979
504237,0.0,3979
504238,0.0,3979
504239,0.0921818977698,3979
801068,0.0,3979
302368,0.125287888261,3980
302945,3.68945922733,3980
302947,0.0802625916639,3980
302948,0.0594407276107,3980
303011,0.0,3980
303021,0.148728444917,3980
303024,0.333170036974,3980
303026,0.102516203591,3980
303027,0.143367362782,3980
303032,-0.0467311089307,3980
303034,0.154448367061,3980
303035,0.0,3980
303039,0.169155510253,3980
303040,0.0,3980
303041,0.0597387353812,3980
303043,0.128308716235,3980
306395,0.000201000264187,3980
306465,0.270899417805,3980
307460,0.184613579606,3980
307491,2.63983465887,3980
504230,0.115886209571,3980
504231,0.0,3980
504232,0.0938162841142,3980
504233,0.0,3980
504234,0.0382690398598,3980
504236,0.0276462227021,3980
504237,0.0406683393414,3980
504238,0.0,3980
504239,3.69459193442,3980
801068,-0.0200147662132,3980
302368,0.00728778922895,3982
302945,0.0113074543657,3982
302947,4.3451513442,3982
302948,0.00991906234073,3982
303021,29.4214703884,3982
303023,0.0,3982
303024,17.6337035759,3982
303025,0.0,3982
303026,0.00625713489713,3982
303027,0.0231292323203,3982
303028,10.1133007594,3982
303029,0.0,3982
303030,2.46551524585,3982
303032,-0.0147687068927,3982
303033,0.0,3982
303034,0.0171417469211,3982
303035,0.0,3982
303037,0.0,3982
303039,0.00459591434826,3982
303040,0.00250507517947,3982
303041,-0.000429391172231,3982
303042,2.15154660108,3982
303043,0.00242387041891,3982
303044,0.0,3982
306395,-0.000498626153893,3982
306465,-0.0232017886001,3982
307460,0.0320485003006,3982
307491,0.000887314605035,3982
504229,0.0,3982
504230,-0.0012036198364,3982
504231,3.503354602,3982
504232,0.0130912907095,3982
504233,0.0,3982
504234,0.0023467879567,3982
504236,0.00133701315116,3982
504237,4.11848065371,3982
504238,0.0,3982
504239,4.84915191393,3982
801068,0.0048570728933,3982
302368,0.0232257385643,3983
302945,0.0153473043325,3983
302947,0.00653756662985,3983
302948,0.0106937725338,3983
303017,6.68499145912,3983
303019,15.3839210436,3983
303020,0.0,3983
303021,0.0524206250344,3983
303022,18.92851921,3983
303023,7.05666266813,3983
303024,0.0256491670602,3983
303025,0.0,3983
303026,0.0151640250296,3983
303027,0.0230950330684,3983
303028,0.0,3983
303029,11.5265273884,3983
303030,0.0,3983
303032,0.0186639640314,3983
303033,8.06640482899,3983
303034,0.0155988820692,3983
303035,-0.000200049617305,3983
303036,0.0,3983
303037,15.6353851848,3983
303038,0.0,3983
303039,0.0625429656283,3983
303040,-0.000556312638839,3983
303041,-0.00806418843871,3983
303042,0.0,3983
303043,0.0203415435352,3983
303044,0.0,3983
306395,-0.000317736554032,3983
306465,0.0782281805359,3983
307460,0.0414157458988,3983
307491,0.011893389765,3983
504229,0.0,3983
504230,0.0759417027543,3983
504231,0.00226252033267,3983
504232,0.0107684414461,3983
504233,-0.000471416846638,3983
504234,0.000762840403482,3983
504236,0.0122691688148,3983
504237,0.0106964561214,3983
504238,-0.00463496858163,3983
504239,0.0104479437952,3983
801068,0.0,3983
302368,0.169989215712,3987
302945,0.0791823756298,3987
302947,0.0119152572371,3987
302948,-0.00645557036941,3987
303021,-0.0185128609594,3987
303024,0.301614612485,3987
303026,0.0647513647876,3987
303027,0.0628674057122,3987
303032,0.109319789809,3987
303034,0.176591322719,3987
303035,5.08175502592,3987
303039,0.256273215185,3987
303040,0.0,3987
303041,0.00715907629654,3987
303043,0.113536072954,3987
306395,0.0,3987
306465,0.450928694821,3987
307460,0.189364009026,3987
307491,0.0359142697955,3987
504230,0.12416074811,3987
504231,0.0464227086735,3987
504232,18.804967756,3987
504233,-0.0473735290146,3987
504234,0.0194456824119,3987
504236,0.0442351998167,3987
504237,0.0677792669165,3987
504238,-0.00194186367117,3987
504239,0.0514740659281,3987
801068,-0.00448962061362,3987
302368,0.137434296615,4102
302945,0.0920588271549,4102
302947,0.100949040237,4102
302948,0.0521681510106,4102
303021,-0.0370817761531,4102
303024,0.340244768222,4102
303026,0.0801055399881,4102
303027,0.0319108712752,4102
303032,-0.0108684009778,4102
303034,0.115018226736,4102
303035,0.0,4102
303039,0.312315267821,4102
303040,-0.0764789870815,4102
303041,0.118472601917,4102
303043,0.204733045264,4102
306395,2.34079195032,4102
306465,0.328459730058,4102
307460,0.201367870098,4102
307491,0.0129078190136,4102
504230,0.0866296727135,4102
504231,0.0337230606316,4102
504232,0.0228411399406,4102
504233,0.0529717195538,4102
504234,6.59139632955,4102
504236,0.0158788561161,4102
504237,0.0,4102
504238,0.0658755931885,4102
504239,0.0189512532054,4102
801068,0.0502051692776,4102
302368,0.16312172331,4105
302945,0.0875411897035,4105
302947,-0.00477243529177,4105
302948,-0.0500771624994,4105
303021,0.0944532083354,4105
303024,0.353151235207,4105
303026,0.187049156184,4105
303027,0.0750118526874,4105
303032,0.11321761338,4105
303034,0.184494723912,4105
303039,0.275802118793,4105
303040,7.94735100686,4105
303041,0.0854960878934,4105
303043,0.144661992595,4105
306395,0.00019675550431,4105
306465,0.334208460865,4105
307460,0.176440273774,4105
307491,0.0107190540484,4105
504230,0.136813791402,4105
504231,0.0482952718897,4105
504232,0.0346381831516,4105
504233,0.0102633468839,4105
504234,0.00404268135122,4105
504236,-0.00202049139947,4105
504238,-0.0467374159135,4105
504239,0.0514407037153,4105
801068,4.76636886935,4105
302368,14.6524341393,4106
302945,2.41886861762,4106
302947,6.34111763908,4106
302948,2.84870858942,4106
303021,19.7596457066,4106
303024,13.5744276232,4106
303026,13.9572640706,4106
303027,5.82720522607,4106
303032,5.02743348169,4106
303034,12.373793642,4106
303039,8.90659869522,4106
303040,0.0,4106
303041,10.9205543192,4106
303043,8.95351264876,4106
306395,2.12545027747,4106
306465,13.6075026569,4106
307460,5.22284241847,4106
307491,5.21367345126,4106
504230,10.246134109,4106
504231,0.0,4106
504232,0.0,4106
504233,0.0,4106
504234,4.563274382,4106
504236,4.03100930947,4106
504237,0.0,4106
504239,0.0,4106
302368,0.0858109547374,4107
302945,0.0229138278176,4107
302947,0.0606553840169,4107
302948,0.0429542013563,4107
303034,5.38134084394,4107
303035,0.392527589212,4107
303039,0.187968236652,4107
306465,9.29069874862,4107
307460,0.173955281543,4107
307491,0.0213643725635,4107
504231,0.0,4107
504232,0.0,4107
504233,0.0,4107
504234,0.0547050916866,4107
302368,0.0955911918532,4109
302945,0.0747694628509,4109
302947,0.0705633368273,4109
302948,-0.0121283523824,4109
303021,0.308025459504,4109
303024,0.342679696741,4109
303026,0.146354897104,4109
303027,0.110171329957,4109
303032,0.0990706919452,4109
303034,0.133352113047,4109
303035,-0.0246112578375,4109
303039,0.260803139171,4109
303040,0.0459963372159,4109
303041,-0.00310296497508,4109
303043,0.141302492803,4109
306395,0.004434577911,4109
306465,0.355186170404,4109
307460,0.217845445641,4109
307491,0.0645917788321,4109
504230,0.00850892433294,4109
504231,-0.0462469790274,4109
504232,0.0367845814653,4109
504233,0.0473765988389,4109
504234,0.0486874912552,4109
504236,-0.03082011933,4109
504237,0.0,4109
504238,-0.0249989155495,4109
504239,0.00407064169061,4109
801068,-0.0235738224099,4109
302368,7.50490529088,4112
302945,3.79915465917,4112
302947,5.48043769541,4112
302948,0.0,4112
303021,20.7439602687,4112
303024,10.9372711255,4112
303026,6.28569785674,4112
303027,7.04093705358,4112
303032,0.0,4112
303034,10.5843938257,4112
303035,0.0,4112
303039,14.337099762,4112
303040,0.0,4112
303041,11.7872649795,4112
303043,6.99917110943,4112
306395,2.20309830618,4112
306465,12.2840349318,4112
307460,6.99245974163,4112
307491,0.0,4112
504230,0.0873215025377,4112
504231,0.0,4112
504232,9.55172965383,4112
504233,7.56848523066,4112
504234,0.0,4112
504236,8.38743864133,4112
504237,-0.4836094707,4112
504239,5.7881940306,4112
801068,0.0,4112
302368,0.000435127433331,4170
302945,0.00808988548103,4170
302947,0.00577213960493,4170
302948,0.00368460505979,4170
303011,0.0,4170
303017,4.39938604288,4170
303019,0.00803659305755,4170
303021,0.01043355405,4170
303022,11.5496049417,4170
303023,12.6428282723,4170
303024,-0.0023536182675,4170
303025,0.00219684798279,4170
303026,0.0556499223806,4170
303027,0.0140276935194,4170
303028,-0.00649409340073,4170
303029,0.00406933831798,4170
303030,0.00803915749791,4170
303032,0.00168868718292,4170
303033,13.1907509754,4170
303034,0.0103648148535,4170
303035,0.0,4170
303036,0.00317982291349,4170
303037,0.00894678889309,4170
303038,0.00292860440661,4170
303039,0.129905570451,4170
303040,0.00104635128319,4170
303041,0.00334156144792,4170
303042,0.00177388123815,4170
303043,0.00735126009821,4170
303044,-6.06656057774e-05,4170
306395,0.00725875763744,4170
306465,0.00341849153262,4170
307460,0.01858427336,4170
307491,7.79160016434e-05,4170
504229,0.000319632401852,4170
504230,0.0755302815256,4170
504231,-0.0033597938617,4170
504232,0.00978793237692,4170
504233,0.0322607963147,4170
504234,0.00339436468137,4170
504236,0.00344499251965,4170
504237,0.0105714945119,4170
504238,0.00468038936127,4170
504239,0.00321217012852,4170
801068,-0.00995718116259,4170
302368,0.0847809421141,4520
302945,0.0354312149842,4520
302947,0.00577721461046,4520
302948,0.009141059841,4520
303021,0.268716554242,4520
303024,12.0152219488,4520
303026,0.0371479998553,4520
303027,0.0283262503384,4520
303032,0.0419414599478,4520
303034,0.074633546207,4520
303035,0.0,4520
303039,0.142227069158,4520
303041,0.0,4520
303043,0.0391606520849,4520
306395,0.0152342586537,4520
306465,0.0669035931538,4520
307460,0.10389200799,4520
307491,0.0347886201806,4520
504230,0.0618705030797,4520
504231,0.0,4520
504232,0.0118911372845,4520
504233,0.0221542476755,4520
504234,0.0191006072034,4520
504236,0.0,4520
504237,0.0295792275447,4520
504238,0.0,4520
801068,0.0235314623645,4520
302368,0.0224809943811,4531
302945,0.0225226330916,4531
302947,0.0290089989884,4531
302948,0.0128679427826,4531
303021,0.0539576337468,4531
303024,0.046153040854,4531
303026,0.0313018695703,4531
303027,0.0250500372163,4531
303032,-0.00418337189017,4531
303034,0.0295606194441,4531
303035,0.00275188494923,4531
303039,0.0860249255342,4531
303040,0.026901350641,4531
303041,0.0253317156318,4531
303043,0.0269170224251,4531
306395,0.00563045766165,4531
306465,0.113048608552,4531
307460,0.0499485184629,4531
307491,0.0104663446854,4531
504230,0.0235421483274,4531
504231,-0.0189658506733,4531
504232,0.0164188945238,4531
504233,0.00492896371819,4531
504234,-0.00402152704009,4531
504236,0.0,4531
504237,0.0192767738192,4531
504238,0.0,4531
504239,0.0250255074103,4531
801068,5.02046252894,4531
302368,0.0,4532
302945,4.80531940841,4532
302947,0.0,4532
302948,0.38429591732,4532
303017,0.0,4532
303019,0.0,4532
303020,0.0,4532
303022,0.0,4532
303024,0.0,4532
303025,0.0,4532
303026,8.62594020501,4532
303027,3.81029060458,4532
303028,0.0,4532
303029,0.0,4532
303030,12.7417057432,4532
303032,19.7961632165,4532
303033,0.0,4532
303036,4.6629149342,4532
303037,0.0,4532
303038,0.0,4532
303039,0.0,4532
303041,16.2055356957,4532
303042,0.0,4532
303043,0.0,4532
303044,0.0,4532
306395,6.64563468442,4532
306465,0.0,4532
307460,5.30199297004,4532
307491,8.37257697091,4532
504229,0.0,4532
504231,0.0,4532
504232,3.46407300768,4532
504233,0.0,4532
504234,3.24338549549,4532
504236,4.44040869247,4532
504238,0.0,4532
302368,4.00433423066,4534
302945,2.70519854736,4534
302947,3.6641753447,4534
302948,0.817280910138,4534
303017,0.0,4534
303019,0.0,4534
303021,6.61447236516,4534
303023,0.0,4534
303024,7.31348192765,4534
303026,8.79910333704,4534
303027,0.0,4534
303028,0.0,4534
303029,10.8234603277,4534
303030,0.0,4534
303032,4.81653207713,4534
303034,25.5086286954,4534
303035,0.0,4534
303037,7.0162656922,4534
303038,0.0,4534
303039,11.7831043242,4534
303041,4.1767199437,4534
303042,0.0,4534
303043,0.0,4534
303044,3.94973195792,4534
306395,5.03856742247,4534
306465,1.4683510542,4534
307460,9.09627098532,4534
307491,1.62135617532,4534
503883,0.0,4534
503884,0.0,4534
503885,0.568839546221,4534
504230,0.0,4534
504240,0.0,4534
302368,0.0164009312544,4538
302945,0.0785712818218,4538
302947,0.0451807399659,4538
302948,0.00177362381103,4538
303017,0.08734154699,4538
303019,0.0590859884508,4538
303020,0.0385772925565,4538
303021,-0.00848793802647,4538
303022,-0.0230342850802,4538
303023,8.73731753436,4538
303024,0.0722828164965,4538
303025,0.0,4538
303026,0.0736778600745,4538
303027,0.113230334004,4538
303028,-0.0291585122341,4538
303029,0.0117105452861,4538
303030,0.0137402600593,4538
303032,0.00903488423152,4538
303033,0.078468398682,4538
303034,-0.0454502489647,4538
303035,1.67254583164e-15,4538
303036,0.00148148001173,4538
303037,10.4687138899,4538
303038,0.0,4538
303039,0.0771851755287,4538
303040,0.0,4538
303041,0.0151003585156,4538
303042,-0.0304081106392,4538
303043,0.0166157647052,4538
303044,-0.00203750328704,4538
306395,-0.0523243243383,4538
306465,0.0409448365588,4538
307460,0.201028742114,4538
307491,0.040448642291,4538
503883,0.0365392146922,4538
503884,0.154135072009,4538
503885,0.0148077723425,4538
504229,0.00203601647717,4538
504231,0.00183481481632,4538
504240,0.001481800837,4538
302368,-0.00288493320737,4539
302945,0.0304351646748,4539
302947,0.0,4539
302948,0.0176432577855,4539
303017,-0.0198795567064,4539
303019,0.0,4539
303020,0.0956520200088,4539
303021,0.0364701114098,4539
303022,0.0591721472443,4539
303023,0.0,4539
303024,0.0,4539
303025,4.32373188142,4539
303026,0.0760241088811,4539
303027,0.131965050447,4539
303028,0.0587128007761,4539
303029,-0.0332383990295,4539
303030,0.0698595256,4539
303032,0.10762453525,4539
303033,2.48739875536,4539
303034,-0.0163508632868,4539
303035,0.0,4539
303037,0.0788978562752,4539
303038,0.0,4539
303039,0.0367725084341,4539
303040,-0.0583867706742,4539
303041,0.0737586305166,4539
303042,0.0,4539
303043,0.0677974202397,4539
306395,0.0521380628305,4539
306465,0.0345729930035,4539
307460,0.155064301941,4539
307491,-0.0144469109308,4539
503884,0.0863319398642,4539
503885,0.00126356139658,4539
504229,0.00507409072036,4539
504231,-0.0311768670014,4539
504240,-0.0662539851407,4539
302368,2.84936367794,4541
302945,3.84786177019,4541
302947,0.0916220205864,4541
302948,0.0269423830824,4541
303011,0.0,4541
303017,0.0878001146775,4541
303019,0.000407878615816,4541
303020,-0.0443858268539,4541
303021,-0.0606223907424,4541
303022,0.102937500456,4541
303023,0.0418020113479,4541
303024,0.0325072212193,4541
303025,0.0601755269975,4541
303026,0.0369596131802,4541
303027,0.0268549288463,4541
303028,0.0798214695193,4541
303029,-0.00409988455188,4541
303030,0.0095265089669,4541
303032,0.0638418183301,4541
303033,0.0230331696427,4541
303034,0.0865306051649,4541
303036,0.0502528176567,4541
303037,-0.045200029235,4541
303038,0.00100191993511,4541
303039,0.000397328560873,4541
303040,0.00208723956564,4541
303041,-0.00197328473079,4541
303042,0.0111246371169,4541
303043,-0.00929470019133,4541
303044,0.0667713701712,4541
306395,0.0765848633129,4541
306465,0.095347471052,4541
307460,0.105495998438,4541
307491,0.0530461141419,4541
503883,0.0178776240997,4541
503884,0.0327073004532,4541
503885,0.0269981338145,4541
504229,0.0169863261287,4541
504231,0.0,4541
504240,-0.0311706332627,4541
302368,3.16202467811,4552
302945,0.0615544908726,4552
302947,0.0866349762286,4552
302948,0.0258230348545,4552
303017,-0.0486756726787,4552
303019,0.073371949566,4552
303020,11.7464587917,4552
303021,-0.0474613705653,4552
303022,0.0628498783923,4552
303023,0.000689678749393,4552
303024,0.0435001004134,4552
303025,-0.000236853864986,4552
303026,0.0635534136529,4552
303027,0.0271252484032,4552
303028,0.0594549176286,4552
303029,0.0474211725102,4552
303030,0.037340228309,4552
303032,0.0322176058671,4552
303033,0.0149858979296,4552
303034,0.0938560253485,4552
303035,4.87606494154,4552
303036,0.0,4552
303037,2.38796821648e-15,4552
303038,0.0,4552
303039,0.102006601073,4552
303040,5.63126585629,4552
303041,-0.00141643936057,4552
303042,-0.0566103364862,4552
303043,0.00565088450674,4552
303044,0.0,4552
306395,0.00195664692371,4552
306465,0.00638539479315,4552
307460,0.156114393097,4552
307491,0.0279019124081,4552
503883,0.000582382926102,4552
503884,0.0370231873515,4552
503885,0.00981205171572,4552
504229,0.0318231740225,4552
504231,-0.0273252460269,4552
504240,0.00902768757406,4552
303034,0.0,4554
303037,8.13937755073,4554
303038,0.0,4554
303039,0.0,4554
303040,6.09125999751,4554
303041,0.0,4554
303042,6.70841196644,4554
303043,8.94189685587,4554
303044,4.72196735743,4554
306395,3.46349970121,4554
503883,3.77955902685,4554
503884,0.0,4554
503885,1.24219029516,4554
504229,0.0,4554
504231,0.0,4554
504240,5.871509654,4554
302368,-0.00306467884733,4555
302945,0.0323551984048,4555
302947,0.0438627428527,4555
302948,-0.000827010444783,4555
303011,0.0,4555
303017,-0.0012382485677,4555
303019,0.111975667202,4555
303020,0.0,4555
303021,-0.0586535714651,4555
303022,0.0699655417303,4555
303023,0.037008772756,4555
303024,0.0,4555
303025,0.0,4555
303026,0.0552254935882,4555
303027,0.176159080564,4555
303028,0.0651993910655,4555
303029,-0.0375925559052,4555
303030,0.102905485349,4555
303032,0.0335399122402,4555
303033,-0.0689820246891,4555
303034,-0.0507476443753,4555
303036,0.0556599380544,4555
303037,0.102751709867,4555
303038,13.9367062974,4555
303039,-0.0292600090134,4555
303040,0.0,4555
303041,0.13667466608,4555
303042,0.0,4555
303043,-0.0441686231303,4555
303044,0.0758985541643,4555
306395,0.0995217969983,4555
306465,0.0255741048569,4555
307460,0.193070210451,4555
307491,0.024463245113,4555
503883,-0.0329185977196,4555
503884,0.101174873544,4555
503885,0.119391977133,4555
504229,0.0,4555
504230,0.0,4555
504231,0.00254575611948,4555
504240,0.0793677187775,4555
302368,0.0,4557
303011,0.0,4557
303019,19.2465505697,4557
303021,0.0435614100219,4557
303022,0.0272676516857,4557
303023,0.0554655527796,4557
303024,0.00251038182188,4557
303025,-0.0207725658348,4557
303026,0.00462985073251,4557
303027,0.0446604513899,4557
303028,0.0157729842427,4557
303029,0.00288646655892,4557
303030,0.0228282856812,4557
303032,0.101473030676,4557
303033,-0.00288261450239,4557
303034,0.0451310589822,4557
303035,0.019916440194,4557
303036,0.024755423721,4557
303037,0.0807827093309,4557
303038,0.0471705067285,4557
303039,0.0280207767296,4557
303040,0.0,4557
303041,0.0716840423292,4557
303042,0.0294996180702,4557
303043,1.16315834677,4557
303044,0.0469073361534,4557
306395,0.0868571222435,4557
306465,0.0302085448329,4557
307460,-0.0497655330232,4557
503883,0.0283384547785,4557
503884,0.157930337378,4557
504229,-0.00203110508777,4557
504230,0.0,4557
504231,0.0,4557
504240,0.00593120707291,4557
302368,10.3014727386,4561
302945,5.07530468876,4561
302947,3.18381089402,4561
302948,0.0,4561
303011,0.0,4561
303017,5.33422741912,4561
303019,10.8331218893,4561
303022,0.0,4561
303023,17.8791405101,4561
303024,20.481378917,4561
303025,0.0,4561
303026,8.52636815647,4561
303027,0.0,4561
303028,0.0,4561
303029,8.7589369561,4561
303030,0.0,4561
303032,4.6312808434,4561
303033,0.0,4561
303034,15.4907810455,4561
303035,0.0,4561
303036,1.59365144041,4561
303037,19.1888818177,4561
303038,0.0,4561
303039,0.0,4561
303040,0.0,4561
303041,0.0,4561
303043,3.46726612778,4561
303044,6.84039311016,4561
306395,2.60455177531,4561
306465,10.4620012612,4561
307460,1.27510227205,4561
307491,0.0,4561
503883,0.0,4561
503884,15.3910022005,4561
503885,0.0,4561
504229,0.0,4561
504230,0.0,4561
504231,0.0,4561
504240,0.0,4561
302368,5.98605814693,4562
302945,2.87046372696,4562
302947,3.94963993051,4562
302948,1.54767762559,4562
303011,0.0,4562
303017,7.38847244648,4562
303019,0.0,4562
303020,12.0917763754,4562
303021,5.11788891359,4562
303022,0.0,4562
303023,27.9489287071,4562
303024,2.86491857681,4562
303025,10.2237499544,4562
303026,0.0,4562
303027,17.4347012755,4562
303028,9.07153713951,4562
303029,8.18291402282,4562
303030,10.1933645946,4562
303032,5.00178331087,4562
303033,6.59537548769,4562
303034,0.0,4562
303036,4.00328306546,4562
303037,18.8335321544,4562
303038,0.0,4562
303039,8.62615804288,4562
303040,0.0,4562
303041,12.9167846786,4562
303042,0.0,4562
303043,4.45034497896,4562
303044,0.0,4562
306395,1.84562909248,4562
306465,0.0,4562
307460,2.84626773836,4562
307491,4.63638872261,4562
503883,2.31357622156,4562
503884,0.0,4562
503885,0.0,4562
504229,2.44450049265,4562
504231,0.0,4562
504240,8.56648165571,4562
302368,0.0471763589484,4566
302945,0.0698594997468,4566
302947,0.000830240591615,4566
302948,0.00126430828182,4566
303011,0.0,4566
303017,12.3486215135,4566
303019,0.0656598740118,4566
303020,7.86975979143,4566
303021,0.0,4566
303022,-0.0736962298743,4566
303023,0.0138135589543,4566
303024,0.00623694706462,4566
303025,0.0,4566
303026,0.0579431668653,4566
303027,0.0,4566
303028,0.0118699418824,4566
303029,0.0845683162946,4566
303030,0.0237141161052,4566
303032,0.0299805479998,4566
303033,0.0179392515788,4566
303034,-0.0583920833354,4566
303035,0.00463923214075,4566
303036,2.07962756647,4566
303037,0.0823147100072,4566
303038,0.0,4566
303039,0.0507789817522,4566
303040,-0.0298772594243,4566
303041,0.0702387369621,4566
303042,0.00119804919667,4566
303043,0.0239216074261,4566
303044,0.0305565156205,4566
306395,0.0666807930187,4566
306465,-0.0287647589436,4566
307460,0.149837213354,4566
307491,0.00479207821635,4566
503883,0.0,4566
503884,0.0452798498046,4566
503885,-0.0151415474214,4566
504229,0.0,4566
504230,0.0,4566
504231,0.0,4566
504240,0.00376043742262,4566
302368,0.0262403441967,4568
302945,0.0703897787986,4568
302947,0.076086770319,4568
302948,-0.00116789331743,4568
303017,0.0532691638381,4568
303019,-0.065604978531,4568
303020,0.0,4568
303021,12.5601523754,4568
303022,0.0231112717662,4568
303023,2.72672475191,4568
303024,10.7950958393,4568
303025,0.0702681113859,4568
303026,0.045938173366,4568
303027,0.122724712889,4568
303028,0.0292604370442,4568
303029,0.0716624127092,4568
303030,0.0360985373531,4568
303032,0.0835638468537,4568
303033,0.0166615306495,4568
303034,0.0554411741578,4568
303036,0.0136892613601,4568
303037,0.0330560686234,4568
303038,0.00362845879875,4568
303039,0.0026951835334,4568
303040,-0.00786271758837,4568
303041,0.0136249274796,4568
303042,0.0565602987772,4568
303043,0.0809602364587,4568
303044,0.0425224349188,4568
306395,0.0711394651704,4568
306465,0.0674782310602,4568
307460,0.162420283797,4568
307491,0.0195551241821,4568
503883,0.0580738368158,4568
503884,0.162279383918,4568
503885,-0.00325559856545,4568
504229,0.0478913537439,4568
504231,0.0,4568
504240,0.0320703487546,4568
302368,0.0,4968
302945,6.23443879187,4968
302947,-0.139182989903,4968
302948,1.13948343577,4968
303011,0.0,4968
303017,11.5574927414,4968
303019,0.0,4968
303021,0.0,4968
303023,7.34991036522,4968
303024,8.77617831318,4968
303025,19.026252368,4968
303026,5.98083980446,4968
303027,0.360603878374,4968
303028,7.43886453847,4968
303029,0.0,4968
303030,3.51335922534,4968
303032,0.0,4968
303033,0.0,4968
303034,5.16359368182,4968
303036,2.30667869209,4968
303037,0.0,4968
303039,2.89082602722,4968
303040,0.0,4968
303041,13.3567370913,4968
303042,0.0,4968
303043,1.28778245536,4968
306395,6.85408361923,4968
306465,0.0,4968
307460,8.06474941296,4968
307491,4.53064447377,4968
503883,9.82685346981,4968
503884,0.0,4968
503885,8.04758263285,4968
504229,4.16987808906,4968
504230,0.0,4968
504240,0.0,4968
302368,0.0181963655208,5149
302945,0.0400628702342,5149
302947,0.0492940882585,5149
302948,0.00546877254929,5149
303011,0.0,5149
303017,0.0513210068067,5149
303019,0.0754327124528,5149
303020,0.0360702069854,5149
303021,0.0155664241365,5149
303022,0.0394977978591,5149
303023,0.100418301212,5149
303024,0.0800696243483,5149
303025,-0.0369236689377,5149
303026,0.0480590338647,5149
303027,0.0264129811651,5149
303028,0.0297687863433,5149
303029,0.0401016103395,5149
303030,0.0448298623836,5149
303032,0.0101896709938,5149
303033,0.00771911840712,5149
303034,-0.00595164553436,5149
303035,-0.00202406599545,5149
303036,0.00139647633218,5149
303037,0.0394667569305,5149
303039,0.0504790644986,5149
303040,0.0274034087169,5149
303041,0.0347179350519,5149
303042,0.0,5149
303043,0.0320299972058,5149
303044,-0.00849102622055,5149
306395,0.0306722852965,5149
306465,0.0382138336462,5149
307460,0.086720320051,5149
307491,0.0359905329407,5149
503883,-0.00103686498972,5149
503884,0.0236773103563,5149
503885,0.0223661678697,5149
504229,0.013425768961,5149
504231,-0.0174631771058,5149
504240,-0.0122141408084,5149
302368,0.0306977340868,6169
302945,0.0557612870799,6169
302947,0.0555316173251,6169
302948,0.0211786105834,6169
303017,10.0766889839,6169
303019,-0.0181386064669,6169
303020,-0.043933240031,6169
303021,-0.0206698910249,6169
303022,0.0598607320605,6169
303023,0.0,6169
303024,-0.00658681396222,6169
303025,0.0,6169
303026,0.0728117997006,6169
303027,0.0225853387396,6169
303028,-0.0257800749878,6169
303029,-2.07500733065e-05,6169
303030,2.77370465159,6169
303032,0.0738979503787,6169
303033,-0.000689113871547,6169
303034,-0.0349434505097,6169
303036,-0.00830664363213,6169
303037,0.0352763297766,6169
303038,-0.00272917570232,6169
303039,-0.0327080112689,6169
303040,-0.0355070192956,6169
303041,-0.00685146766999,6169
303042,0.0897114905922,6169
303043,-0.00273406053007,6169
303044,0.0595270927361,6169
306395,0.0250210373367,6169
306465,0.0503260738029,6169
307460,0.101935883292,6169
307491,0.072662148585,6169
503883,2.111753615,6169
503884,0.0,6169
504229,0.0186877355765,6169
504231,-0.0153262321315,6169
504232,0.0,6169
504233,0.0,6169
504234,0.0,6169
504237,13.7786523905,6169
504238,0.212686086198,6169
504240,6.19267217364,6169
504241,0.0,6169
801068,0.0,6169
302368,0.0133186224641,6194
302945,0.0179790533071,6194
302947,0.0223859945407,6194
302948,0.00327751496458,6194
303011,0.0,6194
303017,0.0183180412395,6194
303019,0.0658131593063,6194
303020,0.0123783902755,6194
303021,19.8947776974,6194
303022,0.0190088550414,6194
303023,0.000890817392745,6194
303024,0.0170830325337,6194
303025,0.00146876822735,6194
303026,0.000619151613246,6194
303027,0.0339392713029,6194
303028,-0.0295416302515,6194
303029,0.00138275968279,6194
303030,0.0159286739852,6194
303032,0.0243301679191,6194
303033,0.0135318499608,6194
303034,0.0259716768806,6194
303035,-0.000458426727419,6194
303036,0.0165721014484,6194
303037,0.0200771383364,6194
303038,0.017213930022,6194
303039,0.012936650881,6194
303040,0.0308550606418,6194
303041,-0.00215717558506,6194
303042,0.00576158423686,6194
303043,0.0107886307319,6194
303044,-0.0105608872833,6194
306395,0.0018382178649,6194
306465,0.00581816534199,6194
307460,0.041067433418,6194
307491,0.00216462568306,6194
503883,0.00547660589129,6194
503884,0.0356555531353,6194
503885,0.00240552899815,6194
504229,-0.00955312638116,6194
504230,0.0,6194
504231,-0.00878951579295,6194
504240,0.0135112118417,6194
302368,2.42843495279,6280
302945,4.51632592578,6280
302947,0.0,6280
302948,0.0,6280
303011,0.0,6280
303017,15.6030332438,6280
303020,5.8422636791,6280
303021,0.0,6280
303022,0.0,6280
303023,0.0,6280
303024,0.0,6280
303025,0.0,6280
303026,0.0,6280
303027,9.71624104167,6280
303028,0.0,6280
303029,6.14242577935,6280
303030,0.0,6280
303032,0.0,6280
303033,0.0,6280
303034,0.0,6280
303035,0.0,6280
303036,0.0,6280
303037,9.5662385546,6280
303038,0.0,6280
303039,0.0,6280
303040,0.0,6280
303041,3.39642239987,6280
303042,0.0,6280
303043,7.624143635,6280
306395,0.139158470138,6280
306465,0.0,6280
307460,15.1250912536,6280
307491,1.34875139584,6280
503883,0.0,6280
503884,10.8125712264,6280
504229,4.81139779506,6280
504240,8.63989250707,6280
302368,0.00867055073953,6285
302945,0.0138112228381,6285
302947,0.0138697112362,6285
302948,-0.00764406732521,6285
303017,0.0,6285
303019,-0.0523004313632,6285
303020,0.0154949043217,6285
303021,-0.0229121466204,6285
303022,-0.0261481782335,6285
303023,-0.0573453510714,6285
303024,0.0665284876716,6285
303025,0.000977093763345,6285
303026,-0.00632546484526,6285
303027,0.122111789599,6285
303028,0.0648893281146,6285
303029,0.0801368059981,6285
303030,0.0281405423105,6285
303032,0.00663089228548,6285
303033,0.0349845883069,6285
303034,0.0865417181999,6285
303035,0.0254126582183,6285
303036,4.70792283133,6285
303037,0.0435782102047,6285
303038,0.0342413648123,6285
303039,0.0892758639928,6285
303040,0.0561930064006,6285
303041,0.0290932665321,6285
303042,-0.0362688785983,6285
303043,-0.00556944387985,6285
303044,5.61593179143,6285
306395,-0.0547425002221,6285
306465,0.0491004091826,6285
307460,0.132413664734,6285
307491,-0.0046620465105,6285
503883,0.0584935542336,6285
503884,0.0624969120157,6285
503885,0.0269771996726,6285
504229,-0.0346703664644,6285
504231,-0.0213038119204,6285
504240,0.00712302354673,6285
302368,2.89099399141,6297
302945,9.91736133225,6297
302947,1.39330448638,6297
302948,1.65423226604,6297
303011,0.0,6297
303017,0.0,6297
303019,6.93742999259,6297
303021,0.0,6297
303022,6.12736935854,6297
303023,10.9798957015,6297
303024,7.47019939753,6297
303025,2.87390908785,6297
303026,11.2734654956,6297
303027,6.03992517125,6297
303028,0.0,6297
303029,7.82713515226,6297
303030,0.0,6297
303032,-0.0933666218029,6297
303033,6.03005758875,6297
303034,0.0,6297
303035,0.0,6297
303036,0.0,6297
303037,0.0,6297
303039,8.79943805898,6297
303040,0.0,6297
303041,3.50598441277,6297
303042,4.22760033896,6297
303043,2.69454481148,6297
306395,5.07155313391,6297
306465,4.46001817533,6297
307460,1.33854235676,6297
307491,3.38712464156,6297
503883,3.43817950184,6297
503884,0.0,6297
503885,0.0,6297
504229,0.0,6297
504230,0.0,6297
504231,0.0,6297
504240,0.0,6297
302368,0.0119367710497,6316
302945,0.028403953786,6316
302947,0.0353992784794,6316
302948,0.0105131258134,6316
303017,0.00320779500256,6316
303019,0.00889650380358,6316
303020,0.0141050119939,6316
303021,0.038840963442,6316
303022,-0.00978778069307,6316
303023,0.0158854552116,6316
303024,0.0111230883695,6316
303025,0.00102812151864,6316
303026,0.0129171345465,6316
303027,0.0184550271413,6316
303028,0.00954185249934,6316
303029,0.00214087648719,6316
303030,0.00688916454559,6316
303032,0.0129523483047,6316
303033,0.00664438022749,6316
303034,7.99991070819,6316
303035,0.0,6316
303036,0.0046813291765,6316
303037,0.0342613259182,6316
303038,0.0106767538544,6316
303039,0.0362649601834,6316
303040,4.64920033901,6316
303041,0.011715780924,6316
303042,0.0108301635213,6316
303043,0.0221955764924,6316
303044,0.0184064119746,6316
306395,0.000751516499653,6316
306465,0.00772151950288,6316
307460,0.0870174857425,6316
307491,0.0103117947968,6316
503883,0.0,6316
503884,0.00186523540723,6316
503885,2.74021630868,6316
504229,-0.00123714216131,6316
504230,0.00273532807268,6316
504231,0.00252586907274,6316
504240,-0.0340210665827,6316
302368,0.0180474984578,6324
302945,0.0296957181394,6324
302947,0.0296561054035,6324
302948,0.000948385558026,6324
303017,-0.00235377779686,6324
303019,0.0357591600765,6324
303020,0.0256782009112,6324
303021,-0.00395412539626,6324
303022,0.0158648489587,6324
303023,-0.00944760868562,6324
303024,0.0148180869358,6324
303025,0.0364435595048,6324
303026,0.0231927305,6324
303027,0.0614410737467,6324
303028,0.0209180631245,6324
303029,0.0211879598655,6324
303030,0.0239042602012,6324
303032,-0.0390314058375,6324
303033,-0.00393397045116,6324
303034,0.0210379825359,6324
303035,0.00555814154478,6324
303036,0.00855591335627,6324
303037,0.0277818827663,6324
303038,0.0201050721401,6324
303039,0.0200780902461,6324
303040,-0.00065257372697,6324
303041,-0.000651254096622,6324
303042,-0.0247796089003,6324
303043,0.0104533495746,6324
303044,-0.017270520062,6324
306395,0.00245539966831,6324
306465,-0.0180244977484,6324
307460,0.0786577470211,6324
307491,0.00990549253735,6324
503883,-0.000386010326399,6324
503884,-0.000168517164786,6324
503885,0.00532083305386,6324
504229,0.0,6324
504230,0.0,6324
504231,0.0,6324
504240,0.0293475944046,6324
302368,0.00280078018231,6346
302945,0.0744032831176,6346
302947,0.0427743693902,6346
302948,-0.00741710292749,6346
303017,0.0161200747616,6346
303019,-0.00523717331778,6346
303020,0.0912105403181,6346
303021,0.052914120688,6346
303022,0.0502606006502,6346
303023,-0.10205185294,6346
303024,0.0499829804263,6346
303025,0.00635146049422,6346
303026,0.0711162380745,6346
303027,0.0290780070521,6346
303028,0.0145042940206,6346
303029,0.0474875747062,6346
303030,0.0409532662431,6346
303032,0.0200453031325,6346
303033,-0.0570602947001,6346
303034,0.0175202438942,6346
303035,-0.019195126819,6346
303036,0.0282736449921,6346
303037,0.0806664597684,6346
303038,0.0515477715802,6346
303039,0.0486987273857,6346
303040,-0.0264911700229,6346
303041,-0.00254178642865,6346
303042,-0.0140217804114,6346
303043,0.0152763475083,6346
303044,0.0177864461757,6346
306395,0.0335176906132,6346
306465,0.0307101077869,6346
307460,0.173594217988,6346
307491,0.00357914613716,6346
503883,0.0350134085189,6346
503884,0.0,6346
503885,0.577105378465,6346
504230,0.0247411884417,6346
504231,0.0,6346
504240,-0.0133609075962,6346
302368,0.000537368300152,6348
302945,0.00659502869161,6348
302947,0.0165589285855,6348
302948,0.00706363171529,6348
303017,-0.0015456580666,6348
303019,0.00347437015154,6348
303020,0.0135867735824,6348
303021,0.0292231003593,6348
303022,0.0241697949579,6348
303023,0.0248461163197,6348
303024,0.0170329572002,6348
303025,0.0155781667726,6348
303026,0.0090514431007,6348
303027,0.0265287730828,6348
303028,-0.0172251809257,6348
303029,0.0106289891922,6348
303030,0.0225615885243,6348
303032,0.00936256527755,6348
303033,0.00780260899469,6348
303034,0.0267836877506,6348
303035,-0.0037985379125,6348
303036,0.00636128055291,6348
303037,0.0214680937434,6348
303038,0.0220839563674,6348
303039,-0.00346147118652,6348
303040,0.00885474888472,6348
303041,0.0050086734458,6348
303042,0.0328033138742,6348
303043,0.0245288507359,6348
303044,0.0169563559983,6348
306395,-0.00117228087942,6348
306465,0.00117672049221,6348
307460,0.0446954804,6348
307491,0.00143272738175,6348
503883,0.00507632126228,6348
503884,-0.00247258160109,6348
503885,0.0212241509872,6348
504229,0.00249740557633,6348
504230,0.0,6348
504231,-0.00316765164877,6348
504240,0.0134174503872,6348
302368,0.541292492009,6490
302945,0.0815821289422,6490
302947,0.958566720781,6490
302948,-0.172018172515,6490
303011,0.0,6490
303017,12.2520536033,6490
303019,3.59624128292,6490
303022,17.3865020628,6490
303023,0.0,6490
303024,2.08856166588,6490
303025,0.0,6490
303026,7.38120434822,6490
303027,8.35462248739,6490
303028,4.21387531642,6490
303029,7.11112375172,6490
303030,2.37423088383,6490
303032,4.24694581688,6490
303033,0.0,6490
303034,0.0,6490
303037,17.8148631196,6490
303038,0.0,6490
303039,0.0,6490
303041,0.0,6490
303042,0.0,6490
303044,4.27992119038,6490
306395,0.0,6490
306465,0.0,6490
307460,0.0829746591364,6490
307491,0.0,6490
504229,0.0,6490
504231,2.13431882783,6490
504232,7.91788116041,6490
504233,0.0,6490
504234,0.0,6490
504236,0.0,6490
504238,0.0,6490
504239,0.0,6490
504241,0.0,6490
303027,8.74250010939,6491
303028,3.48180375721,6491
303029,0.0,6491
303030,0.0,6491
303032,0.0,6491
303033,10.3780055336,6491
303034,0.0,6491
303035,0.0,6491
303036,0.0,6491
303037,9.03781348262,6491
303039,0.0,6491
303040,0.0,6491
303041,6.21336668147,6491
303042,0.0,6491
303043,9.18141195022,6491
303044,0.0,6491
306395,0.0,6491
306465,16.1942178766,6491
504230,0.0,6491
504232,17.3682554486,6491
504233,0.0,6491
504234,8.8863764281,6491
504236,0.0,6491
504238,0.0,6491
302368,0.141456881812,6499
302945,0.0778358734285,6499
302947,-0.00282197776069,6499
302948,0.0136097660543,6499
303021,0.263486839501,6499
303024,0.132474101385,6499
303026,0.0773192998183,6499
303027,0.129441713192,6499
303032,0.0558901917015,6499
303034,0.175664013849,6499
303035,0.0,6499
303039,0.289503704415,6499
303040,0.0,6499
303041,0.00586696802751,6499
303043,0.099205188553,6499
306395,0.032741218123,6499
306465,0.207045770965,6499
307460,0.158312456877,6499
307491,0.0434915231982,6499
504230,0.0949713492598,6499
504231,0.0,6499
504232,0.0826753388279,6499
504233,10.854315404,6499
504234,-0.0219417486368,6499
504236,0.0570193808473,6499
504237,0.0141886230298,6499
504238,0.0098506159812,6499
504239,0.0229913337582,6499
504241,0.0,6499
302368,0.125615619138,6508
302945,0.0753733586032,6508
302947,0.00117508490289,6508
302948,0.0652059391829,6508
303021,0.216439819927,6508
303024,0.320382325696,6508
303026,0.13731924805,6508
303027,0.0359377801178,6508
303032,0.0,6508
303034,0.168024081718,6508
303035,0.0,6508
303039,0.250815349503,6508
303040,-0.0450103475657,6508
303041,0.10699364353,6508
303043,0.188785477742,6508
306395,1.62510203805e-15,6508
306465,0.303731520697,6508
307460,0.139250888743,6508
307491,0.0428254966148,6508
504230,0.109700965133,6508
504232,0.0848116303869,6508
504233,0.00645039386574,6508
504234,0.0337892034714,6508
504236,0.0353696218965,6508
504237,0.0701897352999,6508
504238,-0.014417598865,6508
504239,0.314624617287,6508
801068,0.0,6508
302368,9.17688419112,6510
302945,10.3418337606,6510
302947,7.53159566328,6510
302948,2.21096803656,6510
303021,0.0,6510
303024,0.0,6510
303026,8.29006579575,6510
303027,7.30597005832,6510
303032,0.0,6510
303034,9.15957157995,6510
303035,0.0,6510
303039,18.2752166461,6510
303040,0.0,6510
303041,0.0,6510
303043,0.0,6510
306395,0.255861050229,6510
306465,14.4982224835,6510
307460,1.43301457211,6510
307491,9.33587346111,6510
504230,14.6801336649,6510
504231,0.0,6510
504232,0.0,6510
504233,0.0,6510
504234,4.36282046857,6510
504236,1.94587470868,6510
504238,0.0,6510
504239,0.0,6510
302368,8.79481088775,6511
302945,4.34471942783,6511
302947,4.97378752568,6511
302948,1.06487440128,6511
303021,15.2995198958,6511
303024,46.3834379775,6511
303026,9.60032599851,6511
303027,6.93363659811,6511
303032,1.64121014888,6511
303034,12.6077128344,6511
303035,0.0,6511
303039,15.1635760476,6511
303040,0.0,6511
303041,2.95240792654,6511
303043,8.52173686772,6511
306395,5.40173491083,6511
306465,9.69960310243,6511
307460,5.94049677165,6511
307491,2.41634371935,6511
504230,12.1602593037,6511
504231,0.0,6511
504232,9.70578980953,6511
504233,5.73219701076,6511
504234,0.0,6511
504236,5.77200078543,6511
504238,0.0,6511
504239,8.25920067921,6511
302368,0.0731900970722,6515
302945,0.0356496596762,6515
302947,0.0136111632551,6515
302948,0.0157070066568,6515
303017,0.0,6515
303019,0.0,6515
303020,10.3789563896,6515
303021,0.121774832774,6515
303022,11.2287825822,6515
303024,0.142095324614,6515
303025,0.0,6515
303026,0.00840700766897,6515
303027,0.00389387497411,6515
303028,4.44320186425,6515
303029,4.76966048341,6515
303030,2.85042414195,6515
303032,0.0,6515
303033,7.78882438546,6515
303034,0.07364011275,6515
303035,0.0,6515
303036,0.0,6515
303037,0.0,6515
303038,0.0,6515
303039,0.125380564225,6515
303040,0.00605728789376,6515
303041,-0.013666673153,6515
303042,3.82497173525,6515
303043,0.0536929713266,6515
303044,4.05595073826,6515
306395,0.0364594139921,6515
306465,0.16246558973,6515
307460,0.0809883793895,6515
307491,0.0233792190288,6515
504229,0.0,6515
504230,0.104482335372,6515
504231,0.0383993072334,6515
504232,0.0410918256784,6515
504233,0.00344899234729,6515
504234,0.0430207685845,6515
504236,0.00850607176092,6515
504237,0.0134094091624,6515
504238,-0.00688028642417,6515
504239,1.09752147034e-15,6515
504241,0.0,6515
801068,15.9673357123,6515
302368,0.0245571513966,6517
302945,0.016341187649,6517
302947,0.00221950762973,6517
302948,0.00131631297229,6517
303017,0.0869325945997,6517
303019,0.0230833128987,6517
303020,0.0424467230792,6517
303021,0.0517839270444,6517
303022,0.00816579998227,6517
303024,0.0660043839712,6517
303025,0.0,6517
303026,0.0204542303463,6517
303027,0.00892607394441,6517
303028,3.61744988702,6517
303029,-0.0213310567417,6517
303030,0.09558680926,6517
303032,0.00646014095473,6517
303033,0.0228539897499,6517
303034,0.0467384695436,6517
303035,-0.00121078765873,6517
303036,0.0,6517
303037,0.0972613147126,6517
303039,0.0576542229861,6517
303040,0.00331165355619,6517
303041,-0.00404868862335,6517
303042,0.00516810473161,6517
303043,0.0233451557181,6517
303044,0.0402801068112,6517
306395,0.0174783093586,6517
306465,0.0797795694389,6517
307460,0.0316800062435,6517
307491,0.0139660662828,6517
504229,0.0,6517
504230,0.043808453644,6517
504231,3.24586079098e-16,6517
504232,0.00353775159826,6517
504233,0.00197414221642,6517
504234,0.00741872951875,6517
504236,0.0062900875679,6517
504237,-0.00039706198923,6517
504238,0.00196780266943,6517
504239,-0.00500309324453,6517
801068,0.00329485452308,6517
302368,7.3771622221,6532
302945,2.41734091113,6532
302947,7.06688018618,6532
302948,0.811157700037,6532
303021,25.3205328451,6532
303024,12.7804106228,6532
303026,9.37866029419,6532
303027,6.95181126809,6532
303032,5.54842629566,6532
303034,11.9288661738,6532
303035,0.0,6532
303039,8.31009261745,6532
303040,0.0,6532
303041,2.68092214019,6532
303043,8.75266643822,6532
306395,4.48908392557,6532
306465,13.5164932378,6532
307460,11.5233553682,6532
504230,4.34684477352,6532
504231,0.0,6532
504232,0.0,6532
504233,5.63974222027,6532
504234,0.0,6532
504236,13.814604821,6532
504237,3.34626553114,6532
504238,0.0,6532
302368,9.28358182883,6537
302945,2.4215293731,6537
302947,5.50957346199,6537
302948,0.77685626297,6537
303021,29.6617000139,6537
303024,15.4264416762,6537
303026,6.36943589508,6537
303027,6.56974316873,6537
303032,8.63694665076,6537
303034,12.0912910856,6537
303039,12.2856266945,6537
303040,0.0,6537
303041,6.82744333013,6537
303043,18.3402597805,6537
306395,4.63281740167,6537
306465,18.7317276705,6537
307460,9.03869991644,6537
307491,3.25996082059,6537
504230,17.1770478953,6537
504231,6.00575074629,6537
504232,0.0,6537
504233,2.52282841022,6537
504234,0.0,6537
504236,19.9982850742,6537
504237,0.0,6537
504238,0.0,6537
504239,0.00700976635653,6537
801068,0.0,6537
302368,0.0103021129131,6542
302945,0.0721205643085,6542
302947,0.0662441482924,6542
302948,0.0100814752083,6542
303021,0.295887598241,6542
303024,0.00726325095392,6542
303026,0.0765964492429,6542
303027,0.0268950150164,6542
303032,0.101366155782,6542
303034,0.1825060666,6542
303039,0.279069370172,6542
303040,0.0,6542
303041,-0.011715473564,6542
303043,0.0904754517026,6542
306395,0.0316882175217,6542
306465,0.290568321141,6542
307460,0.166271180225,6542
307491,11.257965056,6542
504230,0.0878334019175,6542
504231,0.0,6542
504232,0.00107644910036,6542
504234,0.0201944944777,6542
504236,0.00490321200892,6542
504237,0.0,6542
504238,0.0391944605159,6542
504239,1.07057956704,6542
504241,0.0,6542
801068,5.25147930094,6542
302368,0.0767640426027,6543
302945,0.0371555180527,6543
302947,0.0282511455371,6543
302948,0.0139711169073,6543
303011,0.0,6543
303017,0.0087437362542,6543
303019,0.0250209639317,6543
303020,0.0,6543
303021,0.116092757689,6543
303022,0.0776227794857,6543
303023,0.0621068747629,6543
303024,0.133110737387,6543
303025,0.00987902472478,6543
303026,0.00100071568452,6543
303027,0.0266546616694,6543
303028,0.067382010579,6543
303029,0.0483861978525,6543
303030,-0.00952019820201,6543
303032,0.0448863596786,6543
303033,0.000843402748831,6543
303034,0.0532175821146,6543
303035,0.0,6543
303036,0.0,6543
303037,0.0607165038282,6543
303039,0.115429496167,6543
303040,-0.0333941798946,6543
303041,2.14510888413,6543
303042,9.2539638756,6543
303043,0.192799476645,6543
303044,0.0,6543
306395,0.0376934249272,6543
306465,0.125369862903,6543
307460,0.0968069419973,6543
307491,0.00191036748481,6543
504229,9.2619407555,6543
504230,10.5163139345,6543
504231,-0.0276105996048,6543
504232,0.00703707405754,6543
504233,-0.018831539081,6543
504234,0.0,6543
504236,0.0306932192823,6543
504237,-0.0499167952331,6543
504238,0.0045977304872,6543
504239,0.356377863148,6543
801068,0.0,6543
302368,0.00329731525537,6547
302945,0.00665933640148,6547
302947,0.00227629020357,6547
302948,0.0071882381836,6547
303011,0.0,6547
303017,0.0115239778605,6547
303019,0.00938172318632,6547
303020,22.1652288997,6547
303021,0.0463983343216,6547
303022,0.00807550887853,6547
303023,0.00423570599194,6547
303024,-0.00209047520588,6547
303025,0.0,6547
303026,0.0127521019744,6547
303027,0.0189325763657,6547
303028,0.0132542910935,6547
303029,-0.00129071957796,6547
303030,0.0079240867768,6547
303032,0.0170789158223,6547
303033,0.000255813532307,6547
303034,-0.00414041082915,6547
303035,-0.00179307745317,6547
303036,0.00510023123697,6547
303037,0.000452719786017,6547
303038,0.0,6547
303039,0.0120417181635,6547
303040,0.0068300388624,6547
303041,-0.0127453900185,6547
303042,-0.00296768984353,6547
303043,0.00777145480904,6547
303044,0.0,6547
306395,0.00883651170373,6547
306465,0.00471625424282,6547
307460,0.0259536701347,6547
307491,-0.000745134988063,6547
504229,0.00737092893677,6547
504230,6.99947661013,6547
504231,0.00451522998382,6547
504232,0.0145138880981,6547
504233,0.000807740966124,6547
504234,-0.00244298003928,6547
504237,0.00614941412351,6547
504238,0.00494499013684,6547
504239,0.000826044915127,6547
801068,0.428048505869,6547
302368,0.140798224743,6552
302945,0.0935288028732,6552
302947,0.0711706053296,6552
302948,0.0196259351746,6552
303021,0.222427566566,6552
303024,-0.0926148451344,6552
303026,0.0780304370785,6552
303027,0.118858094467,6552
303032,0.117669572899,6552
303034,0.189319232457,6552
303035,0.0,6552
303039,0.320111227287,6552
303040,0.0287407011727,6552
303041,0.0372595206755,6552
303043,-0.100494502401,6552
306395,-0.0772790697279,6552
306465,0.397848946277,6552
307460,0.195879125856,6552
307491,0.0759026945299,6552
504230,0.0913423738101,6552
504231,0.0,6552
504232,0.0683754849776,6552
504233,0.0161546003907,6552
504234,0.0114645843133,6552
504236,-0.0598820006829,6552
504237,0.00231728075114,6552
504238,0.0,6552
504239,4.75529736076,6552
504241,0.0,6552
801068,0.0,6552
302368,4.62559038626,6557
302945,6.67292233862,6557
302947,4.22238022309,6557
302948,1.13775799144,6557
303019,4.15121678955,6557
303020,0.0,6557
303021,0.0,6557
303022,0.0,6557
303023,0.0,6557
303024,6.03362259031,6557
303025,0.0,6557
303026,0.0,6557
303027,0.0,6557
303028,3.63286381933,6557
303029,0.0,6557
303030,2.63054570183,6557
303032,7.8443268318,6557
303033,0.753757198593,6557
303034,25.127902894,6557
303035,0.0,6557
303037,0.0,6557
303039,7.88561597079,6557
303040,0.0,6557
303041,0.0,6557
303042,12.4003115933,6557
303043,2.15563584918,6557
303044,3.29144329827,6557
306395,2.51153206905,6557
307460,10.0911322569,6557
307491,8.78670443399,6557
503883,0.0,6557
503884,0.0,6557
503885,0.0,6557
504230,0.0,6557
504231,0.0,6557
504240,2.70226425221,6557
302368,2.36997009186,6558
302945,3.23109923765,6558
302947,13.0273068738,6558
302948,0.958386961154,6558
303021,17.2255860398,6558
303024,15.3059271545,6558
303026,6.79152985589,6558
303027,19.8332133106,6558
303032,8.87469191616,6558
303034,9.4939180918,6558
303039,7.88473553672,6558
303040,11.8018162452,6558
303041,5.541531284,6558
303043,2.73471887059,6558
306395,7.34366102061,6558
306465,21.4630755913,6558
307460,8.72123712244,6558
307491,3.83045396419,6558
504230,0.0,6558
504231,0.0,6558
504232,7.91788116041,6558
504234,2.94711470504,6558
504236,1.25302538059,6558
504237,0.0,6558
504238,0.0,6558
504239,2.21675516065,6558
801068,0.0,6558
302368,-0.0427607824516,6564
302945,0.06897412394,6564
302947,0.0796267945161,6564
302948,0.0332143420615,6564
303017,0.0,6564
303019,13.4477211228,6564
303021,-0.128587201833,6564
303022,0.0,6564
303023,21.1321168273,6564
303024,0.00388926397912,6564
303026,0.0791284425565,6564
303027,0.133713643439,6564
303029,0.0,6564
303030,3.21219472518,6564
303032,23.1989415247,6564
303033,6.35814032729,6564
303034,0.0,6564
303036,0.0,6564
303037,0.0,6564
303038,0.0,6564
303039,0.100972021685,6564
303040,3.03013893708,6564
303041,0.111346638367,6564
303042,0.0,6564
303043,0.0204719581554,6564
303044,0.0,6564
306395,0.0596620122826,6564
306465,0.0186180414261,6564
307460,0.164780873179,6564
307491,0.0188897699044,6564
503883,1.5280797786,6564
503884,23.3479666071,6564
503885,0.949054508815,6564
504229,0.0,6564
504230,5.54675504954,6564
504231,-0.0136901541235,6564
504234,4.4908414553,6564
504236,2.18604735629,6564
504237,0.0,6564
504238,0.0,6564
504239,12.6959613747,6564
504240,0.0,6564
302368,0.14701440858,6567
302945,0.0931381637758,6567
302947,0.0736990947719,6567
302948,0.0155348980339,6567
303021,0.304984463472,6567
303024,0.171592369832,6567
303026,0.13242391694,6567
303027,0.15414950654,6567
303032,0.0672301144514,6567
303034,0.148776329627,6567
303035,0.357220874838,6567
303039,0.358909822165,6567
303040,0.0773703518732,6567
303041,0.926030611181,6567
303043,0.00603295556907,6567
306395,0.0578965993692,6567
306465,0.423178824989,6567
307460,0.155737245797,6567
307491,0.00798144266584,6567
504230,0.207665456576,6567
504231,0.0,6567
504232,0.00230271372994,6567
504234,0.0319981432761,6567
504236,0.0182838677423,6567
504237,-0.00231090537693,6567
504238,0.0297560239747,6567
504239,-0.000263063449661,6567
801068,0.0,6567
302368,-0.000199538683119,6627
302945,0.00944210302319,6627
302947,0.00827383256184,6627
302948,9.43545661855e-05,6627
303011,0.0,6627
303017,0.00559612961619,6627
303019,0.00695164523696,6627
303020,0.00596348260306,6627
303021,0.0,6627
303022,-0.0117208848055,6627
303023,-0.000785838715558,6627
303024,-0.000433066713503,6627
303025,0.00274693312106,6627
303026,0.00192125478381,6627
303027,0.0132730928241,6627
303028,0.00517745979944,6627
303029,0.000133568859254,6627
303030,0.00644897417014,6627
303032,-0.00279852933571,6627
303033,0.00133447572711,6627
303034,0.000786994431568,6627
303035,-0.000409977868122,6627
303036,0.0193614536529,6627
303037,1.43467024965e-05,6627
303038,0.00626013936386,6627
303039,-0.00423840069327,6627
303040,-0.00497361449466,6627
303041,-0.0248348351274,6627
303042,-0.00142029460727,6627
303043,-0.0698719127809,6627
303044,-0.00246532381368,6627
306395,0.00552176815036,6627
306465,0.00110998840003,6627
307460,0.0238777316714,6627
307491,0.00518144468786,6627
503883,0.0141785313189,6627
503884,21.0095924924,6627
503885,-0.0374856754166,6627
504229,-0.00734119789511,6627
504230,0.0,6627
504231,0.0,6627
504240,0.0589592918224,6627
801068,-0.0447891604834,6627
302368,-0.0318930076979,6629
302945,0.0707066906186,6629
302947,0.0185005375851,6629
302948,0.0247025218979,6629
303021,0.244310386907,6629
303024,0.174387481503,6629
303026,0.153553860038,6629
303027,0.00622627324796,6629
303032,0.0655883238866,6629
303034,0.133810629317,6629
303035,0.0,6629
303039,0.297257722036,6629
303040,0.313003362732,6629
303041,0.0591136035984,6629
303043,0.169773278301,6629
306395,5.56195586157,6629
306465,0.202046948176,6629
307460,0.169361631272,6629
307491,-0.212802998011,6629
504230,0.111075578929,6629
504231,0.050106533405,6629
504232,0.0928180223739,6629
504233,4.79236149795e-05,6629
504234,0.031518474868,6629
504236,0.035076805306,6629
504237,-0.0478254614732,6629
504238,0.0,6629
504239,0.00297102942999,6629
801068,0.0145296637229,6629
302368,0.0320237851327,9424
302945,0.0180354829575,9424
302947,0.00475412827672,9424
302948,0.00325909882711,9424
303021,0.0404778964692,9424
303024,0.0734239212402,9424
303026,0.0193212700065,9424
303027,0.0047168581291,9424
303032,0.00134224914133,9424
303034,0.0285313670761,9424
303035,0.0151892638197,9424
303039,0.0615478287803,9424
303040,0.0156714746137,9424
303041,0.021013283499,9424
303043,0.0307085082825,9424
306395,0.00662528859769,9424
306465,0.0902775699595,9424
307460,0.0484107714872,9424
307491,0.00743062985136,9424
504230,0.0303770695252,9424
504231,0.00843718382405,9424
504232,-0.000462519256071,9424
504233,0.00287130450995,9424
504234,0.00458854739697,9424
504236,0.00879942272473,9424
504237,0.0103444013538,9424
504238,0.00344808988855,9424
504239,0.00477250332103,9424
504241,0.0,9424
801068,-0.0157128744401,9424
302368,0.137474344198,9428
302945,-7.95186624501e-16,9428
302947,0.0927661122512,9428
302948,0.0643792010914,9428
303011,0.0,9428
303021,0.136382900065,9428
303024,0.308606513637,9428
303026,0.165002994811,9428
303027,0.0303093718919,9428
303032,0.0951353350747,9428
303034,0.194828526344,9428
303039,0.263375183187,9428
303040,0.00477755514326,9428
303041,0.0838376090333,9428
303043,0.140200383859,9428
306395,0.0522612732537,9428
306465,0.31625447408,9428
307460,0.17387637083,9428
307491,0.0773736531458,9428
504230,0.0583948164217,9428
504231,0.0148449765287,9428
504232,0.065802170394,9428
504233,5.71184119752,9428
504234,0.0357397028216,9428
504236,-0.00571205491875,9428
504237,0.0,9428
504238,0.0557280096782,9428
504239,0.0281722696525,9428
801068,-0.0645263382938,9428
302368,0.004203824827,9430
302945,0.0669479840145,9430
302947,0.0685029344741,9430
302948,0.0171878999236,9430
303011,0.0,9430
303017,-0.0383649186711,9430
303019,0.0777779817748,9430
303020,0.0,9430
303021,0.0863761115124,9430
303022,-0.0951066155198,9430
303023,-0.000923372885237,9430
303024,0.00575220008765,9430
303025,0.0285517181959,9430
303026,0.0323067876501,9430
303027,0.10509267406,9430
303028,0.0264252651759,9430
303029,0.0287580120634,9430
303030,0.0215395907665,9430
303032,0.0705527005523,9430
303033,0.083473649722,9430
303034,0.0599610294998,9430
303035,-0.000841843353684,9430
303036,0.0,9430
303037,-0.0128329248175,9430
303038,0.0,9430
303039,0.0259335749743,9430
303040,0.0,9430
303041,-0.014434069686,9430
303042,-0.0480834427138,9430
303043,0.0649984835511,9430
303044,0.0,9430
306395,0.0137931037193,9430
306465,0.0532134891144,9430
307460,0.132368834607,9430
307491,0.0434087561235,9430
503883,-0.0411524801629,9430
503884,0.172710142556,9430
503885,-0.00793684896922,9430
504229,-0.00496020391244,9430
504230,0.0,9430
504231,0.0136924067078,9430
504240,-0.0324387758691,9430
302368,3.66192572246,9432
302945,4.17772707439,9432
302948,1.45660549307,9432
303017,0.0,9432
303019,0.0,9432
303020,0.0,9432
303022,8.34099758798,9432
303023,2.73581383442,9432
303024,0.0,9432
303025,0.0,9432
303026,5.12402423017,9432
303027,16.8783966625,9432
307460,9.55456751219,9432
307491,0.102033202522,9432
302368,0.0358759966658,9434
302945,0.0743241334638,9434
302947,0.0493550147877,9434
302948,0.00533822868513,9434
303017,-0.0121760479608,9434
303019,-0.042468196909,9434
303020,6.83257163229,9434
303021,1.59590084402,9434
303022,-0.0248849261562,9434
303023,-0.0168129654653,9434
303024,0.0214869782662,9434
303025,0.0226726549726,9434
303026,0.00984302059042,9434
303027,0.105721969646,9434
303028,0.0195605466403,9434
303029,0.0696425003299,9434
303030,0.00323517179761,9434
303032,-0.00130764181379,9434
303033,0.0328132291184,9434
303034,0.0881799945328,9434
303035,0.00414251720115,9434
303036,-0.0286915850511,9434
303037,0.0348895103869,9434
303038,-0.0211346344124,9434
303039,0.0,9434
303040,0.00139921572929,9434
303041,-0.0111915683202,9434
303042,0.015376302505,9434
303043,0.0291865588864,9434
303044,0.0420722753207,9434
306395,0.00338878700408,9434
306465,-0.000960648383514,9434
307460,0.175056040053,9434
307491,0.0440748282091,9434
503883,0.00484518107952,9434
503884,0.0538194060643,9434
503885,0.0489332827357,9434
504229,0.00617977698449,9434
504230,0.0,9434
504231,0.0,9434
504240,-0.00966054010622,9434
302368,0.0,9440
302945,5.94105343696,9440
302947,8.19972108502,9440
302948,4.23622166193,9440
303019,0.0,9440
303020,0.0,9440
303021,8.76083067501,9440
303022,0.0,9440
303023,9.82700566223,9440
303024,0.0,9440
303026,3.89242437812,9440
303027,8.38178538775,9440
303028,7.92118902565,9440
303029,4.81178148054,9440
303030,0.0,9440
303033,3.87862403519,9440
303037,5.50218833481,9440
303038,0.0,9440
303039,13.2050077787,9440
303040,7.81111070388,9440
303041,0.0,9440
303042,16.8537817084,9440
303043,4.45034497896,9440
303044,4.34609102458,9440
306395,8.51296418907,9440
306465,0.0,9440
307460,12.0766143847,9440
307491,0.0,9440
503883,3.50892393604,9440
503884,0.0,9440
503885,0.489238569698,9440
504230,0.0,9440
504231,0.0,9440
504240,9.11635716739,9440
302368,0.0,9442
302945,0.0,9442
302947,6.34461618674,9442
302948,1.11712069216,9442
303017,0.0,9442
303019,0.0,9442
303021,0.0,9442
303022,0.0,9442
303025,0.0,9442
303026,9.06174640965,9442
303027,0.0,9442
303028,12.2188051267,9442
303029,0.0,9442
303030,1.86891329465,9442
303032,8.65900121559,9442
303033,0.0,9442
303034,0.0,9442
303035,0.0,9442
303037,7.02123493885,9442
303038,0.0,9442
303039,4.02438332303,9442
303040,0.0,9442
303041,0.0,9442
303042,0.0,9442
303043,10.138731712,9442
303044,0.0,9442
306395,0.0,9442
306465,2.21316680633,9442
307460,5.47426714582,9442
307491,9.15052891446,9442
503883,0.0,9442
504230,0.0,9442
504231,0.0,9442
504240,4.72273602604,9442
302368,0.0424418011569,9443
302945,0.0504136494653,9443
302947,0.0630181361979,9443
302948,0.0526122264105,9443
303017,0.0678305788303,9443
303019,0.0199152780917,9443
303020,-0.0471813565491,9443
303021,-0.0107285267639,9443
303022,0.0667655856003,9443
303023,0.0485338862019,9443
303024,0.0246005961101,9443
303025,1.02183434235,9443
303026,0.0255696696757,9443
303027,0.0702023848313,9443
303028,0.0,9443
303029,0.0174548184571,9443
303030,0.00157828017452,9443
303032,0.0589824706678,9443
303033,0.0568513355243,9443
303034,0.038333519796,9443
303035,0.0,9443
303036,0.0,9443
303037,0.0816653015189,9443
303038,0.0099104523151,9443
303039,0.0975631746311,9443
303040,0.034548484377,9443
303041,-0.0174155738404,9443
303042,-0.010267724203,9443
303043,0.00585372939357,9443
303044,0.0,9443
306395,-8.08430776688e-16,9443
306465,0.0483504552178,9443
307460,0.169691199468,9443
307491,-0.00641655800402,9443
503883,-0.00408436567827,9443
503884,0.165755682618,9443
503885,0.038783137273,9443
504229,7.63057619061,9443
504231,-0.0344200911693,9443
504240,0.0,9443
302368,0.0539964764891,9446
302945,0.0800185014671,9446
302947,0.0680842148885,9446
302948,0.0132064870247,9446
303017,13.3322346557,9446
303019,0.0169479394575,9446
303020,0.0839537515101,9446
303022,0.0928318674685,9446
303023,0.0,9446
303024,-0.0311871175395,9446
303025,0.000694344404267,9446
303026,0.0721765719694,9446
303027,0.0524980408756,9446
303028,0.11881467542,9446
303029,0.0476982440445,9446
303030,0.0,9446
303032,-0.00493643733611,9446
303033,0.0484903543052,9446
303034,0.0705889330389,9446
303035,-0.00143856527198,9446
303036,0.0433433671451,9446
303037,0.052950822935,9446
303039,0.0177959443211,9446
303040,0.0683678611291,9446
303041,0.0340185334781,9446
303042,0.0178043680461,9446
303043,-0.0103627442316,9446
303044,0.0433943342014,9446
306395,0.0464390888047,9446
306465,0.0484461258293,9446
307460,0.211669583643,9446
307491,0.0,9446
503883,0.0,9446
503884,0.0298760051523,9446
503885,0.0463324606531,9446
504229,0.0484728025932,9446
504231,-0.0270199514012,9446
504240,0.0217141656774,9446
302368,0.0539833017047,9448
302945,0.00493121086479,9448
302947,0.0560300524896,9448
302948,0.0324739747431,9448
303017,-0.0088319179445,9448
303019,-0.0329476502036,9448
303021,15.2043949808,9448
303022,0.0,9448
303023,0.0721134207866,9448
303024,0.0,9448
303025,-0.030067739811,9448
303026,0.00229229948703,9448
303027,0.134969166468,9448
303028,0.0665393922213,9448
303029,0.0968731051579,9448
303030,0.102883338299,9448
303032,0.0557574352153,9448
303033,0.0222356324218,9448
303034,0.0607223116813,9448
303035,0.0,9448
303036,0.554567351059,9448
303037,0.045210376684,9448
303038,0.0312182533244,9448
303039,5.34186888344,9448
303040,-0.00320565418764,9448
303041,-0.00961258707354,9448
303042,0.0241002139577,9448
303043,0.0434567495845,9448
303044,-0.0329263260553,9448
306395,0.0141625618546,9448
306465,0.0705321467083,9448
307460,0.175260745066,9448
307491,0.0104234664272,9448
503883,0.0387430153499,9448
503884,0.145613571347,9448
503885,0.0306876068768,9448
504229,-0.0472748996453,9448
504230,0.0,9448
504240,0.0838403238723,9448
302368,0.0,9450
302945,6.06329733484,9450
302947,0.0,9450
302948,2.64330525141,9450
303017,24.6441306763,9450
303019,10.961270779,9450
303021,27.4494945172,9450
303022,0.0,9450
303024,0.0,9450
303025,0.0,9450
303026,5.93280812471,9450
303027,1.45351354317,9450
303028,6.32739715481,9450
303029,4.11661692443,9450
303032,14.074287105,9450
303033,5.5464628387,9450
303034,0.0,9450
303035,2.98893403868,9450
303036,0.0,9450
303037,0.0,9450
303038,0.0,9450
303039,0.0,9450
303040,0.0,9450
303041,0.0,9450
303042,0.0,9450
303043,11.113500378,9450
303044,0.0,9450
306395,0.0,9450
306465,0.0,9450
307460,8.86170777664,9450
307491,6.31315560765,9450
503883,0.0,9450
503884,0.0,9450
504229,0.0,9450
504230,0.0,9450
504231,0.0,9450
504240,0.0,9450
302945,1.55443111969,9452
302947,5.99848429308,9452
302948,0.0860090862574,9452
303017,0.561300977885,9452
303022,9.22496200627,9452
303023,0.0,9452
303024,3.59449856444,9452
303025,0.0,9452
303026,20.7125632221,9452
303027,8.71754382005,9452
303028,2.59186775414,9452
303029,0.0,9452
303030,0.0,9452
303032,9.06351514842,9452
303033,20.4456640118,9452
303034,3.75875791215,9452
303035,0.0,9452
303036,0.0,9452
303037,2.20087533393,9452
303038,0.0,9452
303039,10.3328760997,9452
303040,0.0,9452
303041,1.84525495409,9452
303042,20.3587205263,9452
303043,1.48344832632,9452
303044,0.0,9452
306395,0.0,9452
306465,14.594519569,9452
307460,8.60966491383,9452
307491,5.1616046326,9452
503883,3.54908851803,9452
503884,0.0,9452
503885,6.45908129903,9452
504229,0.0,9452
504231,0.0,9452
504240,0.0,9452
302368,-0.0207206786095,9455
302945,0.068818831635,9455
302947,-0.0238048003495,9455
302948,0.0148513513607,9455
303011,0.0,9455
303017,0.0,9455
303019,0.0315620873639,9455
303020,0.0379663225588,9455
303021,5.62429055347,9455
303022,0.0167973813086,9455
303023,0.0501388281148,9455
303024,2.49428225743,9455
303025,0.0509165371222,9455
303026,-0.0271482172112,9455
303027,0.102689698822,9455
303028,0.0414562695279,9455
303029,0.0780566796714,9455
303030,0.00797961441856,9455
303032,0.088833086297,9455
303033,0.0957518255356,9455
303034,-0.0458532329793,9455
303035,2.60583227645,9455
303036,0.0,9455
303037,0.0702448583519,9455
303038,0.0,9455
303039,0.0460652580603,9455
303040,6.64501090638,9455
303041,1.28740034459e-15,9455
303042,0.0552708979732,9455
303043,0.021542186001,9455
303044,0.0513685231368,9455
306395,0.0738606604122,9455
306465,0.0706454423628,9455
307460,0.131119876542,9455
307491,0.0163047060729,9455
503883,0.0,9455
503884,0.0567791417329,9455
503885,0.00543693712039,9455
504230,0.0,9455
504231,0.0385340630396,9455
504240,-0.00381435697594,9455
302368,3.27190711049,9459
302945,4.89586811009,9459
302947,3.01263826531,9459
302948,0.20705891136,9459
303017,0.0,9459
303019,0.0,9459
303020,0.0,9459
303021,0.0,9459
303022,5.72359569837,9459
303023,0.0,9459
303024,0.0,9459
303025,0.0,9459
303026,6.67840642237,9459
303027,4.26723189392,9459
303028,2.45750671672,9459
303030,5.88609323958,9459
303032,4.37656039701,9459
303033,10.9294793796,9459
303034,0.0,9459
303035,0.0,9459
303036,0.0187697603322,9459
303037,-0.005752467042,9459
303038,-0.0260352177421,9459
303039,0.0114649740425,9459
303040,11.4441854499,9459
303041,0.0247034005031,9459
303042,-0.0351228114957,9459
303043,0.0741724163159,9459
303044,0.0502667087604,9459
306395,0.00574266614774,9459
306465,2.52779421989,9459
307460,9.99482286017,9459
307491,4.46716053424,9459
503883,-0.00548639781525,9459
503884,0.0591594628908,9459
503885,0.753641175094,9459
504229,0.0240932193804,9459
504231,0.0,9459
504240,0.0237947332265,9459
302368,2.16270487889,9460
302945,3.87956290409,9460
302947,7.7467841108,9460
302948,0.505364122642,9460
303017,0.0,9460
303020,40.9105100702,9460
303021,0.0,9460
303022,15.6815756752,9460
303023,13.0314720435,9460
303025,6.17811189256,9460
303026,6.10475547597,9460
303027,3.81902980321,9460
303028,7.40533644041,9460
303029,0.0,9460
303030,4.00453609073,9460
303032,18.8239156861,9460
303033,12.4134388643,9460
303034,0.0,9460
303035,0.0,9460
303037,0.0,9460
303039,4.27585289716,9460
303040,0.0,9460
303041,19.4366855164,9460
303042,5.63890889666,9460
303043,0.160972806919,9460
303044,2.55175708698,9460
306395,4.50095352876,9460
306465,10.2784573794,9460
307460,7.11343248607,9460
307491,1.09833805425,9460
503883,0.0,9460
503884,14.1474375167,9460
503885,2.6881868851,9460
504240,4.06394111395,9460
302368,0.0517675622918,9463
302945,0.0748422287805,9463
302947,0.0644451658824,9463
302948,0.0392933168318,9463
303017,0.00727039301385,9463
303019,7.96821137956,9463
303020,0.0,9463
303021,0.0,9463
303022,0.0900849151124,9463
303023,0.0780795410791,9463
303024,0.0159304465471,9463
303025,0.0794578943434,9463
303026,0.0957853949562,9463
303027,0.101705426897,9463
303028,0.0579862207243,9463
303029,0.0295775646286,9463
303030,-0.0144541960018,9463
303032,0.11133016082,9463
303033,0.107440696507,9463
303034,0.0946103932041,9463
303035,0.0142942804337,9463
303036,0.0490197926383,9463
303037,0.0819018130696,9463
303038,0.00593114429083,9463
303039,0.0796370806398,9463
303040,-0.0428565829089,9463
303041,-0.00146523830883,9463
303042,-0.085249786337,9463
303043,0.0571903388558,9463
303044,-0.0478811522409,9463
306395,0.0496617167538,9463
306465,0.0916360675992,9463
307460,0.130548407872,9463
307491,0.00315110205045,9463
503883,-0.0296375299316,9463
503884,-0.00274180649456,9463
503885,-0.000211492770049,9463
504231,0.0,9463
504240,0.0679265068801,9463
302368,0.0147016974736,9467
302945,0.0736896234288,9467
302947,0.0962234705682,9467
302948,0.0,9467
303017,0.0658284236738,9467
303019,0.0168215314696,9467
303020,3.35882677095,9467
303021,0.0,9467
303022,-0.0695093952599,9467
303023,-0.0878593238483,9467
303024,-0.0265825487654,9467
303025,-0.000316363700591,9467
303026,0.0981370548036,9467
303027,0.0479604311451,9467
303028,0.0404836457085,9467
303029,0.0279108587386,9467
303030,0.0166122936914,9467
303032,0.0674379491231,9467
303033,0.0803914910978,9467
303034,0.038760262214,9467
303035,0.0,9467
303036,0.00273796035553,9467
303037,0.00940576718975,9467
303038,0.0,9467
303039,-0.00851009483461,9467
303040,-0.0356305667622,9467
303041,28.553893671,9467
303042,0.0,9467
303043,0.000724242658642,9467
303044,0.0312558725613,9467
306395,0.079088207713,9467
306465,0.0325358327248,9467
307460,0.141979340749,9467
307491,0.0708156283124,9467
503883,0.0184282296668,9467
503884,-0.0913781919732,9467
503885,0.000401855872995,9467
504229,0.0,9467
504230,0.0,9467
504231,0.0,9467
504240,-0.00791858475117,9467
302368,2.6860517326,9468
302945,3.11198037174,9468
302947,6.12245841015,9468
302948,0.0,9468
303017,0.0,9468
303022,0.0,9468
303023,0.0,9468
303024,0.0,9468
303025,0.0,9468
303026,1.79482172601,9468
303027,13.2835819242,9468
303028,4.13862754291,9468
303029,8.3321116137,9468
303030,6.47197752037,9468
303032,0.0,9468
303033,1.50751439719,9468
303034,0.0,9468
303035,2.6830878255,9468
303036,1.67420227651,9468
303037,1.71030081844,9468
303038,0.0,9468
303039,0.0,9468
303040,1.50087678031,9468
303041,27.2700048948,9468
303042,0.0,9468
303043,3.1571440841,9468
303044,5.77863949268,9468
306395,0.0,9468
306465,0.0,9468
307460,5.3482149418,9468
307491,0.0,9468
503883,0.0,9468
503884,15.9409827491,9468
503885,0.0,9468
504230,0.0,9468
504231,4.49114255369,9468
504240,0.0,9468
302368,8.65692089651,9471
302945,1.80079930845,9471
302947,3.12023248907,9471
302948,4.64880652603,9471
303017,26.5644525472,9471
303019,7.64948292438,9471
303020,0.0,9471
303021,0.0,9471
303022,0.0,9471
303023,8.1986257766,9471
303024,2.1940445783,9471
303025,0.0,9471
303026,6.43709681531,9471
303027,8.58782889258,9471
303028,0.0,9471
303029,3.84968004574,9471
303030,-0.200762170324,9471
303032,5.88179162596,9471
303033,4.97479751072,9471
303034,19.0935368856,9471
303035,0.0,9471
303036,0.0,9471
303037,0.0,9471
303038,0.0,9471
303039,0.0,9471
303040,0.0,9471
303041,0.0,9471
303042,0.0,9471
303043,4.26491393817,9471
303044,0.0,9471
306395,4.77556527679,9471
306465,0.0,9471
307460,9.65017379603,9471
307491,6.80969593634,9471
504229,11.0511793105,9471
504240,0.0,9471
302368,0.0,9474
302945,0.0441951744834,9474
302947,3.71147811019,9474
302948,1.61113628713,9474
303017,9.63233996757,9474
303019,8.36533080318,9474
303021,0.0,9474
303022,0.0,9474
303024,0.0,9474
303025,1.04288893574,9474
303026,0.0,9474
303027,0.0,9474
303028,8.04597632713,9474
303029,2.84390180655,9474
303030,0.0,9474
303032,2.11323629595,9474
303033,0.0,9474
303035,0.0,9474
303037,0.936004452359,9474
303038,13.9016718421,9474
303039,0.0,9474
303040,0.0,9474
303041,0.0,9474
303043,0.0,9474
303044,7.60490763423,9474
306395,6.73020964667,9474
306465,6.26872950063,9474
503883,0.0,9474
503884,0.0,9474
504229,0.0,9474
504230,0.0,9474
504240,0.0,9474
302368,0.00696732075044,9475
302945,0.0409102993731,9475
302947,0.0434052084117,9475
302948,0.0234975471878,9475
303017,-0.0458064856044,9475
303019,0.00545082838397,9475
303020,0.0,9475
303021,0.0,9475
303022,0.0404475378829,9475
303023,0.0893615422715,9475
303024,0.0770378517935,9475
303025,-0.0123795571317,9475
303026,0.0134339857155,9475
303027,0.0685548733216,9475
303028,0.0430357028596,9475
303029,0.0117716031868,9475
303030,-0.0102420141618,9475
303032,0.0503776736346,9475
303033,0.0495144959375,9475
303034,0.0,9475
303035,0.00103670651218,9475
303036,-0.0191825899482,9475
303037,-0.0124574215395,9475
303038,-0.00362620776684,9475
303039,0.0591122272751,9475
303040,0.0,9475
303041,-0.0246283789273,9475
303042,0.0174080115551,9475
303043,0.0319620455476,9475
303044,-0.00256787004638,9475
306395,0.0440379523308,9475
306465,0.00294480030925,9475
307460,0.0787711693791,9475
307491,0.0332475639245,9475
503883,0.0237316211004,9475
503884,0.0739090546795,9475
503885,-0.0134675178567,9475
504229,5.05196768482,9475
504230,0.0145284927508,9475
504231,0.0206658498654,9475
504240,0.0404017095104,9475
302368,0.0415157664352,9480
302945,-0.000663791786705,9480
302947,0.0339686027583,9480
302948,0.0207644976138,9480
303017,0.117464977311,9480
303019,6.79290020108,9480
303020,-0.0183652683233,9480
303021,0.0,9480
303022,0.0,9480
303023,-0.0331699559342,9480
303024,0.0217960143625,9480
303025,0.0140724597937,9480
303026,0.0695122197552,9480
303027,0.106776472915,9480
303028,0.0,9480
303029,0.0295062350068,9480
303030,-0.0214302969229,9480
303032,0.0583631111466,9480
303033,-0.0123921848264,9480
303034,0.0548573365125,9480
303035,0.0,9480
303036,0.0,9480
303037,0.0339101070336,9480
303038,-0.00142601897902,9480
303039,0.0184431198117,9480
303040,0.00710730682516,9480
303041,0.0986864633487,9480
303042,0.036634061315,9480
303043,19.4007226426,9480
303044,0.0392772896723,9480
306395,17.1686762533,9480
306465,0.069667841272,9480
307460,0.124686535259,9480
307491,-0.0412315507,9480
503883,-0.0328581057041,9480
503884,0.124672657966,9480
503885,-0.00303002338395,9480
504229,0.0,9480
504230,0.0149094510579,9480
504231,0.00269293001455,9480
504240,0.0596257403339,9480
302368,0.0,9485
302947,9.46829169098,9485
302948,1.46770644129,9485
303017,4.25396898434,9485
303019,0.0,9485
303020,0.0,9485
303021,0.0,9485
303022,0.0,9485
303023,12.8941729794,9485
303024,7.09120665103,9485
303025,0.0,9485
303026,4.81563388298,9485
303027,13.32911033,9485
303028,19.681995758,9485
303029,11.7407027284,9485
303030,13.3406246307,9485
303032,8.03565187648,9485
303033,0.0,9485
303034,0.0,9485
303035,0.0,9485
303036,6.00096878488,9485
303037,0.0,9485
303039,0.0,9485
303040,0.0,9485
303041,1.38145921453,9485
303042,7.00099827971,9485
303043,12.5558789397,9485
303044,0.0,9485
306395,0.0,9485
306465,0.0,9485
504229,1.5585857751,9485
504231,5.93290138485,9485
504240,0.0218605196135,9485
302368,0.0185470430579,9486
302945,0.0668746029578,9486
302947,0.0201739169552,9486
302948,0.0577087905138,9486
303017,0.0104810517018,9486
303019,0.0623527806873,9486
303020,20.8193085174,9486
303021,0.0770949758742,9486
303022,9.08158591288,9486
303023,0.0,9486
303024,0.0,9486
303025,-0.0022964234169,9486
303026,0.0444102082044,9486
303027,0.0971733188396,9486
303028,0.00125116980194,9486
303029,0.061096458257,9486
303030,0.0830852528009,9486
303032,0.00126567918071,9486
303033,0.0126702489732,9486
303034,-0.0693358345936,9486
303035,-0.0217909729066,9486
303036,0.00299480630554,9486
303037,0.0722173713645,9486
303038,0.00634390135832,9486
303039,0.00373953741586,9486
303040,0.00626735238219,9486
303041,0.0565026285938,9486
303042,0.0,9486
303043,0.0505027106814,9486
303044,0.0540411100105,9486
306395,-0.0505871798244,9486
306465,0.00254728579282,9486
307460,0.176364659306,9486
307491,0.0342495094109,9486
503883,-0.000973897709711,9486
503884,-0.0361098471766,9486
503885,0.484434783023,9486
504229,4.26259773407,9486
504230,0.00443077655164,9486
504240,0.0,9486
302368,0.0231601013982,9487
302945,0.0779180208026,9487
302947,0.0835842544033,9487
302948,0.0414286045183,9487
303017,9.76417628529,9487
303020,0.0291852662897,9487
303021,0.016708536083,9487
303022,0.0113917349289,9487
303023,0.0284645411021,9487
303024,0.0183590923966,9487
303025,0.0012087374611,9487
303026,0.0981144950435,9487
303027,0.0302827930827,9487
303028,-0.0160247511815,9487
303029,0.0286175031282,9487
303030,0.0111446162471,9487
303032,-0.0407754074256,9487
303033,0.0529707860818,9487
303034,0.0574185325062,9487
303035,-0.00136708268222,9487
303036,0.0,9487
303037,0.0124350793472,9487
303038,-0.0530119989415,9487
303039,0.00277635766818,9487
303040,0.0166299619034,9487
303041,0.0765023634461,9487
303042,18.8780863062,9487
303043,0.0110999029968,9487
303044,1.59344871486e-15,9487
306395,0.0068857973157,9487
306465,0.0439750714443,9487
307460,0.142023384033,9487
307491,0.0100920315468,9487
503883,-0.0484390689864,9487
503884,-0.0130658773602,9487
503885,0.0804250315718,9487
504229,0.0,9487
504230,0.0,9487
504231,0.02650815118,9487
504240,-0.0251285969673,9487
302368,0.00100421272968,9504
302945,0.0332716698804,9504
302947,0.038706484422,9504
302948,0.0145533201194,9504
303017,0.0215581895279,9504
303019,0.0138265483216,9504
303020,0.0868068368272,9504
303021,0.0969368876095,9504
303022,0.0228082734359,9504
303023,0.0409340815946,9504
303024,0.02878034635,9504
303025,0.000963506782135,9504
303026,0.00550016400128,9504
303027,0.0167939503252,9504
303028,0.00591776675951,9504
303029,0.000860121679805,9504
303030,0.0351720041188,9504
303032,0.0315938880549,9504
303033,-0.0141890820038,9504
303034,0.0184864612275,9504
303035,0.00060935054345,9504
303036,0.0217177056395,9504
303037,0.0305811858652,9504
303038,-0.000446604015443,9504
303039,0.0229125469336,9504
303040,4.98476317236,9504
303041,0.0058301505101,9504
303042,0.00668897914904,9504
303043,0.00365985994084,9504
303044,0.0088327240806,9504
306395,0.0371861892392,9504
306465,0.0321000910445,9504
307460,0.0687727988634,9504
307491,0.0092698896755,9504
503883,6.60453712,9504
503884,42.4710041782,9504
503885,1.10599688987,9504
504229,0.0271532959353,9504
504230,0.0,9504
504231,0.000611816713336,9504
504232,0.0410371036244,9504
504233,-0.00152928114927,9504
504234,-0.0151264989833,9504
504236,0.0,9504
504237,0.00614284547079,9504
504238,0.0,9504
504239,-0.00751006007385,9504
504240,18.8208664101,9504
302368,0.0405002474231,9506
302945,0.0818253707376,9506
302947,-0.0259895048606,9506
302948,0.00216270086215,9506
303020,0.0,9506
303021,0.0975127726774,9506
303022,12.157478886,9506
303023,11.3585127947,9506
303024,0.0792873284467,9506
303025,0.0,9506
303026,0.0413624400226,9506
303027,0.125073301079,9506
303028,0.0,9506
303030,6.07028924444,9506
303032,0.0792958368873,9506
303033,0.0,9506
303034,0.00739300210465,9506
303035,0.000527912622915,9506
303036,0.0,9506
303037,0.0,9506
303038,0.0,9506
303039,0.0549288421515,9506
303040,0.000420494762268,9506
303041,-0.00145919508944,9506
303042,0.0,9506
303043,0.02737884914,9506
303044,0.0,9506
306395,0.0709151815295,9506
306465,0.0231528120975,9506
307460,0.194431158047,9506
307491,-0.010756471945,9506
504229,0.0,9506
504230,9.60881476251,9506
504231,0.019616900991,9506
504232,-0.0396263686699,9506
504233,-0.0179469500727,9506
504234,0.0,9506
504236,0.054792514628,9506
504237,0.0,9506
504238,-0.00300086188639,9506
504239,-0.0436560473747,9506
801068,6.95244409141,9506
302368,0.733364021432,9507
302945,4.70663455617,9507
302947,4.07527794435,9507
302948,7.08141476853,9507
303017,0.0,9507
303019,0.0,9507
303020,0.0,9507
303021,0.0,9507
303022,8.05543098289,9507
303023,0.0,9507
303024,0.0,9507
303026,7.4589012361,9507
303027,0.873337517938,9507
303028,0.0,9507
303029,0.366896960262,9507
303030,0.0,9507
303032,4.44602960966,9507
303033,0.0,9507
303035,0.0,9507
303036,0.0,9507
303037,2.88613263111,9507
303038,0.0,9507
303039,0.0,9507
303040,6.13585957101,9507
303042,0.0,9507
303043,3.92467034013,9507
306395,6.06112447712,9507
306465,1.4683510542,9507
307460,8.28130966755,9507
307491,4.4290705277,9507
503883,0.0,9507
503885,0.0,9507
504229,0.0,9507
504240,0.0,9507
302368,0.048301989063,9512
302945,0.0733507947631,9512
302947,0.0636489665167,9512
302948,0.00104166246391,9512
303011,0.0,9512
303017,0.0530912905197,9512
303019,0.0833970511646,9512
303020,7.65037389907,9512
303021,0.0358196784838,9512
303022,4.57379290525,9512
303023,0.0272335842505,9512
303024,0.0233219592799,9512
303025,0.0826967076837,9512
303026,0.0977311203944,9512
303027,0.0703061647769,9512
303028,0.126477999239,9512
303029,0.0683321322817,9512
303030,0.105933000531,9512
303032,0.0338463234851,9512
303033,0.0751678823965,9512
303034,0.0249063568328,9512
303035,0.0307764533349,9512
303036,-0.0153579247953,9512
303037,0.0791428797032,9512
303038,0.0274849020522,9512
303039,-0.0336934477534,9512
303041,0.0951208266531,9512
303042,0.0186255894047,9512
303043,0.0832649040456,9512
303044,1.04617776979,9512
306395,0.0732823316132,9512
306465,-0.0030969703226,9512
307460,0.19976796344,9512
307491,0.0,9512
503883,0.0477364526065,9512
503884,0.100623488483,9512
503885,0.0433225736892,9512
504229,0.0255080246095,9512
504230,0.0,9512
504231,0.0,9512
504240,0.0338657354484,9512
302368,3.05944560981,9515
302945,6.48370173989,9515
302947,3.34039175766,9515
302948,1.00343933967,9515
303017,10.0430626581,9515
303019,0.0,9515
303020,24.9209060062,9515
303021,0.0,9515
303022,0.0,9515
303023,17.6543741723,9515
303024,0.0,9515
303025,0.0,9515
303026,3.84960770996,9515
303027,11.3772896021,9515
303028,9.84099787902,9515
303029,0.0,9515
303030,0.0,9515
303032,10.7590443093,9515
303033,1.64295514381,9515
303034,11.4217740427,9515
303035,0.0,9515
303036,0.0,9515
303037,15.0393147818,9515
303038,0.0,9515
303039,0.0,9515
303040,6.90284201739,9515
303041,0.0,9515
303042,0.0,9515
303043,0.0,9515
303044,10.8723804433,9515
306395,3.87582109421,9515
306465,3.30378987195,9515
307460,5.31960905949,9515
307491,7.43121580355,9515
503883,11.2059183764,9515
503884,15.8077798229,9515
504229,0.0,9515
504230,0.0,9515
504240,0.0,9515
302368,0.260867035944,9517
302945,5.14297541795,9517
302947,0.0,9517
302948,-0.260351828671,9517
303017,9.29517501332,9517
303019,3.4303599083,9517
303023,0.0,9517
303024,4.96033395646,9517
303025,0.0,9517
303027,28.6680083308,9517
303028,0.0,9517
303029,13.0788903512,9517
303030,0.0,9517
303032,5.58170021648,9517
303034,0.0,9517
303035,0.0,9517
303036,0.0,9517
303037,5.53961818743,9517
303039,9.63608675741,9517
303041,8.93249293948,9517
303042,0.0,9517
303043,0.0,9517
306395,0.0,9517
306465,8.64324825087,9517
307460,6.65697565342,9517
307491,15.0106200747,9517
503883,3.33073639241,9517
503884,26.9317730316,9517
504229,0.0,9517
504230,0.0,9517
504240,0.0,9517
302368,0.0,9519
302945,9.06804625537,9519
302947,4.79457612474,9519
302948,0.0,9519
303017,6.30105613884,9519
303019,18.4065682868,9519
303020,0.0,9519
303021,0.0,9519
303023,7.74871179578,9519
303025,0.0,9519
303026,6.44390855797,9519
303027,6.87921244899,9519
303028,0.0,9519
303029,0.0,9519
303030,0.0,9519
303032,13.0239671718,9519
303033,0.0,9519
303036,2.4418852716,9519
303037,7.09170940932,9519
303039,0.0,9519
303041,9.96437675208,9519
303042,0.740317110048,9519
303043,0.0,9519
303044,0.0,9519
306395,4.36029873099,9519
306465,10.4090731623,9519
307460,7.87684826249,9519
307491,0.0,9519
503883,5.83448642737,9519
503884,7.34629626691,9519
503885,13.6521491093,9519
504229,0.0,9519
504240,8.63989250707,9519
302368,1.48855435303,9546
302945,3.1005497735,9546
302947,0.0,9546
302948,1.59225681837,9546
303011,0.0,9546
303017,0.0,9546
303019,0.0,9546
303020,6.61215193179,9546
303022,6.89641764892,9546
303023,0.238686898759,9546
303025,6.76488973086,9546
303026,0.725648353742,9546
303027,8.60584017676,9546
303028,11.6634048937,9546
303029,4.40276352315,9546
303030,0.0,9546
303032,6.83837562033,9546
303033,0.0,9546
303035,0.0,9546
303036,0.0,9546
303037,7.37917598662,9546
303039,0.0,9546
303040,0.0,9546
303041,0.0,9546
303042,11.8391982281,9546
303043,2.33527216995,9546
303044,4.62076168841,9546
306395,5.62916873207,9546
307460,2.95675889171,9546
307491,0.54045205844,9546
503883,0.0,9546
503884,21.8020690141,9546
503885,1.96475373425,9546
504229,0.0,9546
504230,0.0,9546
504231,0.0,9546
504240,0.0,9546
302368,0.179127714031,9574
302945,0.0870304654212,9574
302947,0.0370701684302,9574
302948,0.00873937956449,9574
303021,0.133295771657,9574
303024,0.205022921482,9574
303026,0.152926358292,9574
303027,0.146097939846,9574
303032,-0.026374984147,9574
303034,0.204948158825,9574
303039,0.34791976166,9574
303040,0.0207322200179,9574
303041,0.0939806607692,9574
303043,0.122219436173,9574
306395,0.0702997435983,9574
306465,0.287725955501,9574
307460,0.209367189909,9574
307491,0.0381412403196,9574
504230,0.122605698754,9574
504231,0.0244072198656,9574
504232,0.0772476210772,9574
504234,0.0221976371843,9574
504236,-0.0123088252043,9574
504237,-0.0229028359901,9574
504238,0.0,9574
504239,0.0337073682747,9574
801068,5.15075345559,9574
302368,0.108892266974,9580
302945,0.0754614002946,9580
302947,-0.00213222736957,9580
302948,0.0211653442514,9580
303021,0.259454964414,9580
303024,0.297514203573,9580
303026,0.171178678306,9580
303027,0.127914416969,9580
303032,0.103279181028,9580
303034,0.143257432328,9580
303035,0.0203904610441,9580
303039,0.291793224337,9580
303040,-0.055104122542,9580
303041,0.0911764391463,9580
303043,0.0427531736596,9580
306395,0.0817459613521,9580
306465,0.380846080204,9580
307460,0.159299975441,9580
307491,0.02854095502,9580
504230,0.115543923926,9580
504231,-0.00290546421797,9580
504232,-0.00461074870026,9580
504233,0.0,9580
504234,0.0334466711739,9580
504236,0.0747189940634,9580
504237,-0.0444964866089,9580
504238,0.0,9580
504239,-0.0263335731645,9580
801068,16.093243019,9580
302368,0.13140145282,9584
302945,0.00401909586478,9584
302947,0.0596391268021,9584
302948,0.0125466220317,9584
303021,0.283472655265,9584
303024,0.312756281134,9584
303026,0.138018368067,9584
303027,0.0226288635712,9584
303032,-0.0215381909302,9584
303034,0.0216624233917,9584
303035,0.0,9584
303039,0.32665913103,9584
303040,-0.0044721230712,9584
303041,0.0218064565294,9584
303043,0.0919802652481,9584
306395,0.082615811637,9584
306465,0.40615824287,9584
307460,0.170567148224,9584
307491,0.0616702682509,9584
504230,0.0776769671948,9584
504231,-0.0179477769732,9584
504232,0.0831113997893,9584
504233,-0.0205134473211,9584
504234,5.4030436259,9584
504236,-0.0020544072603,9584
504237,-0.0565331984248,9584
504238,0.0,9584
504239,0.0689206699198,9584
801068,0.00224040068925,9584
302368,14.7096143701,9593
302945,4.72650737125,9593
302947,2.21191072637,9593
303021,6.19502885852,9593
303026,6.80709214901,9593
303027,3.89498645517,9593
303032,5.61381586789,9593
303034,11.7424776399,9593
303039,8.00710695819,9593
303040,0.0,9593
303041,0.0,9593
303043,9.66233509677,9593
306395,0.0,9593
306465,14.7160846489,9593
307460,6.80681921751,9593
307491,0.319204497016,9593
504230,7.4862326655,9593
504232,7.17557980162,9593
504233,0.0,9593
504234,4.74033264726,9593
504236,2.46689371804,9593
504237,0.0,9593
504238,0.0,9593
504239,16.9720316988,9593
302368,0.117690963377,9632
302945,0.0621597028932,9632
302947,0.0461779440093,9632
302948,0.0575238201263,9632
303021,0.238397182952,9632
303024,0.183333370511,9632
303026,0.169921740617,9632
303027,0.117089838365,9632
303032,0.101860957912,9632
303034,11.7424776399,9632
303035,0.0158179158523,9632
303039,0.279640741723,9632
303040,0.060098608048,9632
303041,5.84357247745,9632
303043,0.15125957136,9632
306395,0.0182733344625,9632
306465,0.297810627625,9632
307460,0.182447510022,9632
307491,0.0138823397191,9632
504230,0.124040749382,9632
504231,0.0,9632
504232,0.0466100436227,9632
504233,0.0293460468693,9632
504234,0.0346889420897,9632
504236,17.8252965432,9632
504237,0.013800344377,9632
504238,0.0,9632
504239,0.076989759983,9632
504241,0.0,9632
302368,0.141425447698,9634
302945,0.0218068067451,9634
302947,0.0298377597082,9634
302948,-0.00274795411315,9634
303011,0.0,9634
303021,0.284735255257,9634
303024,0.0948263345315,9634
303026,0.0702438070552,9634
303027,0.0567506166456,9634
303032,0.0771364912043,9634
303034,0.12965410711,9634
303039,0.280442251366,9634
303040,0.00235449815734,9634
303043,19.2984138482,9634
306395,0.0784280643415,9634
306465,0.151100195871,9634
307460,0.124211123168,9634
307491,0.0168038438376,9634
504230,11.269597561,9634
504231,0.0,9634
504232,11.8281462417,9634
504233,0.0,9634
504234,6.76237172629,9634
504237,0.0,9634
504238,0.0,9634
504239,0.000816613310418,9634
801068,0.0,9634
302368,0.0160775260226,9637
302945,0.0311957948549,9637
302947,0.0323785234779,9637
302948,0.00113674972879,9637
303021,0.134207794839,9637
303024,0.0676369468903,9637
303026,-0.0144001396478,9637
303027,0.0445795736256,9637
303032,0.0341634616259,9637
303034,0.007234395167,9637
303035,0.00313046853574,9637
303039,0.144933757169,9637
303040,0.0180193585199,9637
303041,0.0331365675362,9637
303043,0.0656567017163,9637
306395,0.0327400340573,9637
306465,0.165174034466,9637
307460,0.0673154605431,9637
307491,0.00183242430865,9637
504230,0.066433854861,9637
504231,0.0,9637
504232,0.00378574284504,9637
504233,-0.044556160549,9637
504234,-0.000941250679295,9637
504236,-0.00943813952381,9637
504237,0.0,9637
504238,0.00189471587458,9637
504239,0.0245822288267,9637
504241,0.0,9637
801068,-0.0699960565007,9637
302368,8.75572283936,9674
302945,2.65269258399,9674
302947,2.95189959061,9674
302948,-0.331645205484,9674
303021,10.1068898232,9674
303024,8.80330823683,9674
303026,5.73974010004,9674
303027,8.94231452519,9674
303032,13.2306968094,9674
303034,14.1561421085,9674
303035,0.0,9674
303039,17.1876390202,9674
303040,0.0,9674
303041,4.5450008158,9674
303043,10.3735305934,9674
306395,0.0,9674
306465,15.3787032081,9674
307460,3.98271337195,9674
307491,14.6834068627,9674
504230,7.13988319159,9674
504231,0.0,9674
504232,0.0,9674
504233,0.0,9674
504234,3.95338654768,9674
504237,0.0,9674
504238,0.0,9674
504239,1.08029003931,9674
303039,0.0,9678
303041,4.23328279397,9678
303042,0.0,9678
303043,3.21349418258,9678
303044,0.0,9678
503883,1.9011561125,9678
503884,0.0,9678
504229,0.0,9678
504231,0.0,9678
504240,0.0,9678
302368,0.0444512466722,9679
302945,0.079690162923,9679
302947,0.0490214000403,9679
302948,0.0523438619054,9679
303011,0.0,9679
303017,0.0816118469112,9679
303019,-0.00581428359371,9679
303020,0.0,9679
303021,-0.0195436755708,9679
303022,0.103117172449,9679
303023,0.0994905206785,9679
303024,0.0038292785731,9679
303025,15.2197435444,9679
303026,0.0232072778627,9679
303027,0.10843514764,9679
303028,-0.000782403778204,9679
303029,-0.0138492017235,9679
303030,5.88609323958,9679
303032,0.092310279452,9679
303033,0.104189596556,9679
303034,0.0415319914434,9679
303035,-0.00664803116944,9679
303036,0.020561289499,9679
303037,0.0040157230931,9679
303038,-0.0420413462968,9679
303039,0.101043258716,9679
303040,0.0,9679
303041,-0.0746242812316,9679
303042,0.00273212266804,9679
303043,0.0178563224464,9679
303044,2.52555189924,9679
306395,0.00619433938343,9679
306465,0.0387274555086,9679
307460,0.168542059317,9679
307491,8.40571842142,9679
503883,0.0309793166807,9679
503884,0.0,9679
503885,7.02044146866e-16,9679
504229,0.0,9679
504230,0.0,9679
504231,-0.000322768241194,9679
504240,0.0,9679
302368,3.05568342263,9680
302945,4.28272286065,9680
302947,5.9265198334,9680
302948,0.0,9680
303017,0.0,9680
303020,0.0,9680
303021,0.0,9680
303022,0.0,9680
303023,0.0,9680
303024,4.31186924568,9680
303025,7.57526714654,9680
303026,6.51173917437,9680
303027,5.93869512198,9680
303028,6.68826290222,9680
303029,9.26238807997,9680
303030,0.0,9680
303032,15.1246070382,9680
303033,0.200805628688,9680
303034,0.0,9680
303035,0.0,9680
303037,2.71764270793,9680
303039,0.0,9680
303040,6.90284201739,9680
303041,0.0,9680
303042,0.0,9680
303043,0.0,9680
303044,12.2314279987,9680
306395,0.0,9680
306465,2.09058158751,9680
307460,7.25595593923,9680
307491,0.0,9680
503883,0.0,9680
503884,15.827939743,9680
503885,0.0,9680
504229,0.0,9680
504230,0.0,9680
504231,0.0,9680
504240,0.0,9680
302368,0.628166595665,9682
302945,3.55420916141,9682
302947,0.0,9682
302948,5.28000223969,9682
303017,0.775129921841,9682
303019,0.0,9682
303020,0.0,9682
303021,0.0,9682
303022,0.0,9682
303023,5.26263141066,9682
303024,0.636980684021,9682
303026,3.89242437812,9682
303027,2.08737659207,9682
303028,17.5534243649,9682
303029,2.35769878399,9682
303030,0.0,9682
303032,0.0,9682
303035,0.0,9682
303036,0.0,9682
303037,13.1479375417,9682
303038,0.0,9682
303040,0.0,9682
303041,7.91103985636,9682
303042,0.0,9682
303043,0.0,9682
303044,0.0,9682
306395,5.56633880551,9682
306465,0.0,9682
307460,4.32272127219,9682
307491,3.98105300894,9682
503883,0.0,9682
503885,1.22115659398,9682
504229,0.0,9682
504230,0.0,9682
